,0
0,Filename
1,Tags
2,"['iss049e053187.jpg', 'Dock Undock,Spacecraft']"
3,"['iss050e060950.jpg', 'Night']"
4,"['iss049e045040.jpg', 'Dock Undock,Spacecraft']"
5,"['iss052e037088.jpg', 'Inside ISS,Private']"
6,"['iss038e070474.jpg', 'Sunrise Sunset']"
7,"['iss046e036756.jpg', 'Stars']"
8,"['iss052e027072.jpg', 'Day']"
9,"['iss040e102017.jpg', '#EarthPhoto,Aurora,ISS Astronauts Photograph Earth,Movie,Private,Windows on Earth,iss040e101601-102152']"
10,"['iss052e034967.jpg', 'Day']"
11,"['iss053e028932.jpg', 'Inside ISS,Private']"
12,"['iss052e010153.jpg', 'Dock Undock,Spacecraft']"
13,"['iss035e007589.jpg', '#Astronaut,#EarthPhoto,#ISS,Astronaut Favs,Chris Hadfield tweet,Day,ISS Astronauts Photograph Earth,Surface,Volcano,Windows on Earth']"
14,"['iss050e015854.jpg', 'Dock Undock,Spacecraft']"
15,"['iss052e073225.jpg', '#WinEarthFavs,Day,Movie']"
16,"['iss052e073231.jpg', 'Day,Movie']"
17,"['iss052e021239.jpg', 'Inside ISS,Private']"
18,"['iss052e073219.jpg', 'Day,Movie']"
19,"['iss053e035142.jpg', 'Atmosphere,Day,Hurricane']"
20,"['iss037e022757.jpg', '#Astronaut,#EarthPhoto,#ISS,Aurora,ISS Astronauts Photograph Earth,Windows on Earth']"
21,"['iss049e009128.jpg', 'Cupola,ISS Structure,Inside ISS']"
22,"['iss052e003701.jpg', 'Aurora,Movie']"
23,"['iss050e072987.jpg', 'Movie,Night']"
24,"['iss037e015662.jpg', '#Astronaut,#EarthPhoto,#ISS,ISS Astronauts Photograph Earth,Moon,Windows on Earth']"
25,"['iss053e035181.jpg', 'Atmosphere,Day,Hurricane']"
26,"['iss050e058411.jpg', 'Night']"
27,"['iss040e103719.jpg', 'Aurora,ISS Astronauts Photograph Earth,Movie,Private,Windows on Earth,iss040e103574-103869']"
28,"['iss040e103725.jpg', 'Aurora,ISS Astronauts Photograph Earth,Movie,Private,Windows on Earth,iss040e103574-103869']"
29,"['iss052e058507.jpg', 'Inside ISS,Private']"
30,"['iss040e101873.jpg', '#EarthPhoto,Aurora,ISS Astronauts Photograph Earth,Movie,Private,Windows on Earth,iss040e101601-102152']"
31,"['iss050e066266.jpg', 'Night']"
32,"['iss052e023837.jpg', 'Inside ISS,Private']"
33,"['iss052e004537.jpg', 'ISS Structure']"
34,"['iss038e029460.jpg', '#Astronaut,#EarthPhoto,#ISS,ISS Astronauts Photograph Earth,Sunrise Sunset,Windows on Earth']"
35,"['iss052e014718.jpg', 'ISS Structure']"
36,"['iss052e026972.jpg', 'Inside ISS,Private']"
37,"['iss051e038029.jpg', '#WinEarthFavs,Cupola,Day,Inside ISS']"
38,"['iss040e103724.jpg', 'Aurora,ISS Astronauts Photograph Earth,Movie,Private,Windows on Earth,iss040e103574-103869']"
39,"['iss038e065865.jpg', '#Astronaut,#EarthPhoto,#ISS,ISS Astronauts Photograph Earth,Moon,Windows on Earth']"
40,"['iss042e154795.jpg', 'Stars,Windows on Earth']"
41,"['iss040e102374.jpg', '#EarthPhoto,Aurora,ISS Astronauts Photograph Earth,Windows on Earth']"
42,"['iss052e031942.jpg', 'Inside ISS,Private']"
43,"['iss053e035180.jpg', 'Day']"
44,"['iss048e061825.jpg', '#WinEarthFavs,Cupola,Inside ISS']"
45,"['iss052e003700.jpg', 'Aurora,Movie']"
46,"['iss048e067273.jpg', 'Dock Undock,Spacecraft']"
47,"['iss052e073218.jpg', 'Day,Movie']"
48,"['iss049e044968.jpg', 'Dock Undock,Spacecraft']"
49,"['iss053e028884.jpg', 'Atmosphere,Day,Hurricane']"
50,"['iss052e072648.jpg', 'Atmosphere,Clouds,Day']"
51,"['iss052e073230.jpg', 'Day,Movie']"
52,"['iss052e073224.jpg', 'Day,Movie']"
53,"['iss050e015855.jpg', 'Dock Undock,Spacecraft']"
54,"['iss052e019604.jpg', 'Inside ISS,Private']"
55,"['iss038e024226.jpg', '#Astronaut,#EarthPhoto,#ISS,ISS Astronauts Photograph Earth,Sunrise Sunset,Windows on Earth']"
56,"['iss052e000341.jpg', 'Dock Undock,Spacecraft']"
57,"['iss040e116936.jpg', 'Aurora,ISS Astronauts Photograph Earth,Movie,Private,Windows on Earth']"
58,"['iss050e061118.jpg', 'Night']"
59,"['iss050e015841.jpg', 'Dock Undock,Spacecraft']"
60,"['iss052e020907.jpg', 'ISS Structure']"
61,"['iss052e053725.jpg', 'Inside ISS,Private']"
62,"['iss050e061124.jpg', 'Night']"
63,"['iss050e068841.jpg', 'Night']"
64,"['iss050e066850.jpg', 'Night']"
65,"['iss038e005565.jpg', '#Astronaut,#EarthPhoto,#ISS,ISS Astronauts Photograph Earth,Moon,Windows on Earth']"
66,"['iss052e010350.jpg', 'Dock Undock,Spacecraft']"
67,"['iss038e043732.jpg', '#Astronaut,#EarthPhoto,#ISS,Aurora,ISS Astronauts Photograph Earth,Windows on Earth']"
68,"['iss040e012007.jpg', '#Astronaut,#EarthPhoto,#ISS,ISS Astronauts Photograph Earth,Moon,Windows on Earth']"
69,"['iss052e000814.jpg', '#WinEarthFavs,Dock Undock,Spacecraft']"
70,"['iss052e016092.jpg', 'Day']"
71,"['iss052e002795.jpg', 'Dock Undock,Spacecraft']"
72,"['iss051e020710.jpg', 'Dock Undock,Spacecraft']"
73,"['iss051e020738.jpg', 'Dock Undock,Spacecraft']"
74,"['iss050e068843.jpg', 'Night']"
75,"['iss038e058890.jpg', '#Astronaut,#EarthPhoto,#ISS,Aurora,ISS Astronauts Photograph Earth,Windows on Earth']"
76,"['iss052e003689.jpg', 'Aurora,Movie']"
77,"['iss052e008737.jpg', 'ISS Structure,Solar Panels']"
78,"['iss043e282488.jpg', 'Moon,Windows on Earth']"
79,"['iss043e284947.jpg', 'Cupola,Inside ISS,Windows on Earth']"
80,"['iss049e042274.jpg', 'Dock Undock,Spacecraft']"
81,"['iss052e073232.jpg', 'Day,Movie']"
82,"['iss052e021560.jpg', 'Day']"
83,"['iss052e073226.jpg', 'Day,Movie']"
84,"['iss052e022727.jpg', 'Sunrise Sunset']"
85,"['iss039e011740.jpg', '#Astronaut,#EarthPhoto,#ISS,ISS Astronauts Photograph Earth,Moon,Windows on Earth']"
86,"['iss042e052872.jpg', 'Cupola,Inside ISS']"
87,"['iss053e011791.jpg', 'Day']"
88,"['iss052e003702.jpg', 'Aurora,Movie']"
89,"['iss052e016441.jpg', 'Inside ISS,Private']"
90,"['iss035e021439.jpg', '#Astronaut,#EarthPhoto,#ISS,Astronaut Favs,Chris Hadfield tweet,Day,ISS Astronauts Photograph Earth,Surface,Volcano,Windows on Earth']"
91,"['iss052e040613.jpg', 'Movie,Night']"
92,"['iss041e045469.jpg', '#Astronaut,#CASIS ISS Conf,#EarthPhoto,#ISS,#WinEarthFavs,Astronaut Favs,ISS Astronauts Photograph Earth,Night,Reid Wiseman tweet,ReidFavs,Stars,Windows on Earth']"
93,"['iss046e035499.jpg', 'Night,Stars']"
94,"['iss052e018861.jpg', '#WinEarthFavs,ISS Structure']"
95,"['iss038e065640.jpg', '#Astronaut,#EarthPhoto,#ISS,Aurora,ISS Astronauts Photograph Earth,Windows on Earth']"
96,"['iss052e039688.jpg', 'Day']"
97,"['iss043e294822.jpg', 'Astronaut Favs,CASIS,Scott Kelly Best,Scott Kelly tweet,SunMoonStars,Sunrise Sunset,Windows on Earth']"
98,"['iss052e014727.jpg', 'ISS Structure']"
99,"['iss052e019571.jpg', 'Inside ISS,Private']"
100,"['iss052e052996.jpg', 'Dock Undock,Spacecraft']"
101,"['iss050e063334.jpg', 'Movie,Night']"
102,"['iss052e009986.jpg', 'Dock Undock,Spacecraft']"
103,"['iss050e052102.jpg', 'Dock Undock,Spacecraft']"
104,"['iss038e065872.jpg', '#Astronaut,#EarthPhoto,#ISS,ISS Astronauts Photograph Earth,Moon,Windows on Earth']"
105,"['iss051e051739.jpg', 'Cupola,Inside ISS,Private']"
106,"['iss040e019031.jpg', '#Astronaut,#EarthPhoto,#ISS,ISS Astronauts Photograph Earth,Sunrise Sunset,Windows on Earth']"
107,"['iss049e009116.jpg', 'Cupola,ISS Structure,Inside ISS']"
108,"['iss052e003703.jpg', 'Aurora,Movie']"
109,"['iss048e061826.jpg', 'Cupola,Inside ISS']"
110,"['iss049e042329.jpg', 'Dock Undock,Spacecraft']"
111,"['iss052e020657.jpg', 'ISS Structure']"
112,"['iss052e023410.jpg', 'Day']"
113,"['iss052e073227.jpg', 'Day,Movie']"
114,"['iss052e073233.jpg', 'Day,Movie']"
115,"['iss038e014494.jpg', '#Astronaut,#EarthPhoto,#ISS,ISS Astronauts Photograph Earth,Sunrise Sunset,Windows on Earth']"
116,"['iss052e000430.jpg', '#WinEarthFavs,Dock Undock,Spacecraft']"
117,"['iss043e284946.jpg', 'Cupola,Inside ISS,Windows on Earth']"
118,"['iss052e053726.jpg', 'Inside ISS,Private']"
119,"['iss052e053732.jpg', 'Inside ISS,Private']"
120,"['iss042e337114.jpg', 'Cupola,Cupola Uzbekistan to Malaysia,Day,Inside ISS,Movie,Movies Exported,Windows on Earth,iss042e335980-337503']"
121,"['iss052e003688.jpg', 'Aurora,Movie']"
122,"['iss052e000381.jpg', 'Dock Undock,Spacecraft']"
123,"['iss053e013959.jpg', 'Movie,Night']"
124,"['iss043e121417.jpg', 'Cupola,Day,Inside ISS,Windows on Earth']"
125,"['iss052e049971.jpg', 'Inside ISS,Private']"
126,"['iss041e104597.jpg', 'Stars,Sunrise Sunset,Windows on Earth']"
127,"['iss050e063532.jpg', 'Movie,Night']"
128,"['iss038e016708.jpg', '#Astronaut,#EarthPhoto,#ISS,ISS Astronauts Photograph Earth,Sunrise Sunset,Windows on Earth']"
129,"['iss038e070472.jpg', 'Sunrise Sunset']"
130,"['iss040e113487.jpg', 'Aurora,ISS Astronauts Photograph Earth,Windows on Earth']"
131,"['iss038e070466.jpg', 'Sunrise Sunset']"
132,"['iss040e060455.jpg', '#Astronaut,#EarthPhoto,#ISS,Aurora,ISS Astronauts Photograph Earth,Movie,Private,Windows on Earth']"
133,"['iss052e003698.jpg', 'Aurora,Movie']"
134,"['iss042e033325.jpg', 'Night,Stars']"
135,"['iss040e065908.jpg', '#Astronaut,#EarthPhoto,#ISS,Aurora,ISS Astronauts Photograph Earth,Movie,Private,Windows on Earth']"
136,"['iss052e027060.jpg', 'Day']"
137,"['iss052e000434.jpg', 'Dock Undock,Spacecraft']"
138,"['iss038e058856.jpg', '#Astronaut,#EarthPhoto,#ISS,Aurora,ISS Astronauts Photograph Earth,Windows on Earth']"
139,"['iss050e053768.jpg', '#WinEarthFavs,Dock Undock,Spacecraft']"
140,"['iss052e072673.jpg', 'ISS Structure']"
141,"['iss052e073237.jpg', 'Day,Movie']"
142,"['iss052e073223.jpg', 'Day,Movie']"
143,"['iss052e021565.jpg', 'Inside ISS,Private']"
144,"['iss045e064811.jpg', 'Astronaut Favs,CASIS,Scott Kelly tweet,SunMoonStars,Sunrise Sunset,Windows on Earth']"
145,"['iss052e072854.jpg', 'Day']"
146,"['iss052e003713.jpg', 'Aurora,Movie']"
147,"['iss053e016010.jpg', 'Movie,Night']"
148,"['_31R7587wk.jpg', 'Astronaut Favs,Guy LaLiberte,Sunrise Sunset']"
149,"['iss052e003707.jpg', 'Aurora,Movie']"
150,"['iss052e072840.jpg', 'Atmosphere,Clouds,Day']"
151,"['iss038e026967.jpg', '#Astronaut,#EarthPhoto,#ISS,ISS Astronauts Photograph Earth,Moon,Windows on Earth']"
152,"['iss048e066354.jpg', 'Dock Undock,Spacecraft']"
153,"['iss049e042846.jpg', 'Dock Undock,Spacecraft']"
154,"['iss052e058529.jpg', 'Inside ISS,Private']"
155,"['iss042e337500.jpg', 'Cupola,Cupola Uzbekistan to Malaysia,Day,Inside ISS,Movie,Movies Exported,Windows on Earth,iss042e335980-337503']"
156,"['iss050e066248.jpg', 'Night']"
157,"['iss050e028899.jpg', 'ISS Structure']"
158,"['iss050e066275.jpg', 'Night']"
159,"['iss048e066427.jpg', 'Cupola,Inside ISS,Private']"
160,"['iss052e072458.jpg', 'Atmosphere,Clouds,Day']"
161,"['iss040e052579.jpg', '#Astronaut,#EarthPhoto,#ISS,ISS Astronauts Photograph Earth,Movie,Private,Sunrise Sunset,Windows on Earth']"
162,"['iss052e052978.jpg', 'Dock Undock,Spacecraft']"
163,"['iss052e003706.jpg', 'Aurora,Movie']"
164,"['iss052e005363.jpg', 'ISS Structure,Solar Panels']"
165,"['iss052e003712.jpg', 'Aurora,Movie']"
166,"['iss040e026039.jpg', '#Astronaut,#EarthPhoto,#ISS,ISS Astronauts Photograph Earth,Movie,Private,Sunrise Sunset,Windows on Earth']"
167,"['iss052e073222.jpg', 'Day,Movie']"
168,"['iss052e073236.jpg', 'Day,Movie']"
169,"['iss052e014285.jpg', 'Sunrise Sunset']"
170,"['iss053e028114.jpg', 'Movie,Night']"
171,"['iss042e300622.jpg', 'Moon,Windows on Earth']"
172,"['iss050e069542.jpg', 'Movie,Night']"
173,"['iss053e028909.jpg', 'Inside ISS,Private']"
174,"['iss043e284943.jpg', 'Cupola,Inside ISS,Windows on Earth']"
175,"['iss052e039539.jpg', 'Day']"
176,"['iss049e002873.jpg', 'CubesatRelease,Dock Undock,Spacecraft']"
177,"['iss052e027061.jpg', 'Day']"
178,"['iss042e033324.jpg', 'Night,Stars']"
179,"['iss040e045373.jpg', '#Astronaut,#EarthPhoto,#ISS,Aurora,ISS Astronauts Photograph Earth,Windows on Earth']"
180,"['iss052e003699.jpg', 'Aurora,Movie']"
181,"['iss040e066025.jpg', '#Astronaut,#EarthPhoto,#ISS,Aurora,ISS Astronauts Photograph Earth,Movie,Private,Windows on Earth']"
182,"['iss046e036745.jpg', 'Stars']"
183,"['iss040e025652.jpg', '#Astronaut,#EarthPhoto,#ISS,Aurora,ISS Astronauts Photograph Earth,Movie,Private,Windows on Earth']"
184,"['iss038e070473.jpg', 'Sunrise Sunset']"
185,"['iss038e055156.jpg', '#Astronaut,#EarthPhoto,#ISS,Aurora,ISS Astronauts Photograph Earth,Windows on Earth']"
186,"['iss040e064829.jpg', '#Astronaut,#EarthPhoto,#ISS,Aurora,ISS Astronauts Photograph Earth,Movie,Private,Windows on Earth']"
187,"['iss038e011700.jpg', '#Astronaut,#EarthPhoto,#ISS,Aurora,ISS Astronauts Photograph Earth,Windows on Earth']"
188,"['iss048e063403.jpg', 'Stars']"
189,"['iss040e064803.jpg', '#Astronaut,#EarthPhoto,#ISS,Aurora,ISS Astronauts Photograph Earth,Movie,Private,Windows on Earth']"
190,"['iss052e039739.jpg', 'Day']"
191,"['iss050e052059.jpg', 'Dock Undock,Spacecraft']"
192,"['iss052e019416.jpg', 'Inside ISS,Private']"
193,"['iss040e065274.jpg', '#Astronaut,#EarthPhoto,#ISS,Aurora,ISS Astronauts Photograph Earth,Windows on Earth']"
194,"['iss051e020716.jpg', 'Dock Undock,Spacecraft']"
195,"['iss050e071131.jpg', '#WinEarthFavs,Night']"
196,"['iss043e184279.jpg', 'Moon,Windows on Earth']"
197,"['iss048e063398.jpg', 'Stars']"
198,"['iss038e034780.jpg', '#Astronaut,#EarthPhoto,#ISS,Aurora,ISS Astronauts Photograph Earth,Windows on Earth']"
199,"['iss042e033326.jpg', 'Night,Stars']"
200,"['iss037e020031.jpg', '#Astronaut,#EarthPhoto,#ISS,Day,ISS Astronauts Photograph Earth,Surface,Volcano,Windows on Earth']"
201,"['iss038e041323.jpg', '#Astronaut,#EarthPhoto,#ISS,Aurora,ISS Astronauts Photograph Earth,Windows on Earth']"
202,"['iss050e015676.jpg', 'Dock Undock,Spacecraft']"
203,"['iss042e099495.jpg', 'Moon,Windows on Earth']"
204,"['iss050e072160.jpg', 'Movie,Night']"
205,"['iss050e015689.jpg', 'Dock Undock,Spacecraft']"
206,"['iss052e074573.jpg', 'Day']"
207,"['iss035e014335.jpg', '#Astronaut,#EarthPhoto,#ISS,#WinEarthFavs,Astronaut Favs,BUSpark,Chris Hadfield tweet,ChrisHadfieldEarthBook1,HomePageSlideShow,ISS Astronauts Photograph Earth,Sunrise Sunset,Windows on Earth']"
208,"['iss052e073220.jpg', 'Day,Movie']"
209,"['iss040e102614.jpg', 'Aurora,ISS Astronauts Photograph Earth,Private,Windows on Earth']"
210,"['iss052e073234.jpg', 'Day,Movie']"
211,"['iss050e061083.jpg', 'Night']"
212,"['iss052e053669.jpg', 'Dock Undock,Spacecraft']"
213,"['DSC_0009.jpg', 'Anousheh Ansari,Anousheh_All_Sun_Moon,Anousheh_Earth,Astronaut Favs,Sunrise Sunset']"
214,"['iss050e036130.jpg', 'Dock Undock,Spacecraft']"
215,"['iss050e066061.jpg', 'Night']"
216,"['iss034e029351.jpg', '#Astronaut,#EarthPhoto,#ISS,Astronaut Favs,Chris Hadfield tweet,ISS Astronauts Photograph Earth,Sunrise Sunset,Windows on Earth']"
217,"['iss052e003704.jpg', 'Aurora,Movie']"
218,"['iss052e003710.jpg', 'Aurora,Movie']"
219,"['iss049e009139.jpg', 'Cupola,ISS Structure,Inside ISS']"
220,"['iss042e071277.jpg', 'Moon,Windows on Earth']"
221,"['iss050e052139.jpg', 'Dock Undock,Spacecraft']"
222,"['iss050e058372.jpg', 'Night']"
223,"['iss040e102370.jpg', '#EarthPhoto,Aurora,ISS Astronauts Photograph Earth,Windows on Earth']"
224,"['iss040e102364.jpg', '#EarthPhoto,Aurora,ISS Astronauts Photograph Earth,Windows on Earth']"
225,"['iss038e029464.jpg', '#Astronaut,#EarthPhoto,#ISS,ISS Astronauts Photograph Earth,Sunrise Sunset,Windows on Earth']"
226,"['iss040e113282.jpg', 'ISS Astronauts Photograph Earth,Sunrise Sunset,Windows on Earth']"
227,"['iss052e009995.jpg', 'Dock Undock,Spacecraft']"
228,"['iss052e026977.jpg', 'Inside ISS,Private']"
229,"['iss040e065301.jpg', '#Astronaut,#EarthPhoto,#ISS,Aurora,ISS Astronauts Photograph Earth,Movie,Private,Windows on Earth']"
230,"['iss043e302674.jpg', '#MovieSession - Reviewed,Moon,Movie,Windows on Earth,iss043e302661-302810']"
231,"['iss052e037113.jpg', 'ISS Structure,Night']"
232,"['iss052e037107.jpg', 'ISS Structure,Night']"
233,"['iss048e067289.jpg', 'Dock Undock,Spacecraft']"
234,"['iss052e003711.jpg', 'Aurora,Movie']"
235,"['iss052e053640.jpg', 'Dock Undock,Spacecraft']"
236,"['iss052e003705.jpg', 'Aurora,Movie']"
237,"['iss052e016446.jpg', 'Inside ISS,Private']"
238,"['iss050e056809.jpg', 'Night']"
239,"['iss049e042307.jpg', 'Dock Undock,Spacecraft']"
240,"['iss049e009110.jpg', '#WinEarthFavs,Cupola,ISS Structure,Inside ISS']"
241,"['iss052e073235.jpg', 'Day,Movie']"
242,"['iss052e030318.jpg', 'Inside ISS,Private']"
243,"['iss052e053683.jpg', '#WinEarthFavs,Dock Undock,Spacecraft']"
244,"['iss050e061082.jpg', '#WinEarthFavs,Night']"
245,"['iss052e023370.jpg', 'Atmosphere,Day,Hurricane']"
246,"['iss044e044832.jpg', '#WinEarthFavs,CASIS,Movie,SSA IOD,SunMoonStars,iss044e044796-044898']"
247,"['iss052e073221.jpg', 'Day,Movie']"
248,"['iss038e036960.jpg', '#Astronaut,#EarthPhoto,#ISS,Aurora,ISS Astronauts Photograph Earth,Windows on Earth']"
249,"['iss043e284940.jpg', 'Cupola,Inside ISS,Windows on Earth']"
250,"['iss050e066841.jpg', 'Night']"
251,"['iss053e028739.jpg', 'Inside ISS,Private']"
252,"['iss046e035501.jpg', 'Night,Stars']"
253,"['iss049e045044.jpg', 'Dock Undock,Spacecraft']"
254,"['iss050e071130.jpg', 'Night']"
255,"['iss040e113491.jpg', '#WinEarthFavs,Astronaut Favs,Aurora,ISS Astronauts Photograph Earth,Reid Wiseman tweet,Windows on Earth']"
256,"['iss038e043723.jpg', '#Astronaut,#EarthPhoto,#ISS,Aurora,ISS Astronauts Photograph Earth,Windows on Earth']"
257,"['iss052e021605.jpg', 'Inside ISS,Private']"
258,"['iss052e074638.jpg', 'Day']"
259,"['iss038e055155.jpg', '#Astronaut,#EarthPhoto,#ISS,Aurora,ISS Astronauts Photograph Earth,Windows on Earth']"
260,"['iss052e039710.jpg', 'Day']"
261,"['iss052e074604.jpg', 'Day']"
262,"['iss052e018791.jpg', '#WinEarthFavs,ISS Structure']"
263,"['iss040e008767.jpg', '#Astronaut,#EarthPhoto,#ISS,ISS Astronauts Photograph Earth,Sunrise Sunset,Windows on Earth']"
264,"['iss052e039777.jpg', 'ISS Structure']"
265,"['iss052e026864.jpg', 'Day']"
266,"['iss052e073695.jpg', 'Day']"
267,"['iss052e016019.jpg', 'Day,Glacier,Surface']"
268,"['iss053e033183.jpg', 'ISS Structure,Movie']"
269,"['iss052e016025.jpg', 'Day,Glacier,Surface']"
270,"['iss053e033197.jpg', 'ISS Structure,Movie']"
271,"['iss052e039549.jpg', 'Day']"
272,"['iss050e016331.jpg', '#WinEarthFavs,ISS Structure']"
273,"['iss042e017584.jpg', 'Sunrise Sunset,Windows on Earth']"
274,"['iss052e053747.jpg', 'Inside ISS,Private']"
275,"['iss040e089084.jpg', 'ISS Astronauts Photograph Earth,Sunrise Sunset,Windows on Earth']"
276,"['iss042e335992.jpg', 'Cupola,Cupola Uzbekistan to Malaysia,Day,Inside ISS,Movie,Movies Exported,Windows on Earth,iss042e335980-337503']"
277,"['iss038e024244.jpg', '#Astronaut,#EarthPhoto,#ISS,ISS Astronauts Photograph Earth,Sunrise Sunset,Windows on Earth']"
278,"['iss050e029089.jpg', 'Cupola,Inside ISS,Private']"
279,"['iss052e073246.jpg', 'Day,Movie']"
280,"['iss052e021514.jpg', 'Dock Undock,Spacecraft']"
281,"['iss050e010807.jpg', '#WinEarthFavs,ISS Structure']"
282,"['iss053e028825.jpg', 'Inside ISS,Private']"
283,"['iss053e002996.jpg', 'Inside ISS,Private']"
284,"['iss052e031934.jpg', 'Inside ISS,Private']"
285,"['iss052e020839.jpg', 'Day']"
286,"['iss052e000243.jpg', 'Dock Undock,Spacecraft']"
287,"['iss053e028819.jpg', 'Inside ISS,Private']"
288,"['iss040e140657.jpg', 'Moon,Windows on Earth']"
289,"['iss044e020653.jpg', '#MovieSession - Reviewed,#WinEarthFavs,Astronaut Favs,CASIS,ISS Structure,Movie,Night,Scott Kelly tweet,SunMoonStars,Sunrise Sunset,Windows on Earth,iss044e020641-020812']"
290,"['iss035e042317.jpg', '#Astronaut,#EarthPhoto,#ISS,ISS Astronauts Photograph Earth,Moon,Windows on Earth']"
291,"['iss052e074703.jpg', 'Atmosphere,Day,Harvey,Hurricane']"
292,"['iss052e035978.jpg', 'Day']"
293,"['iss037e017572.jpg', '#Astronaut,#EarthPhoto,#ISS,ISS Astronauts Photograph Earth,Moon,Windows on Earth']"
294,"['iss038e039163.jpg', '#Astronaut,#EarthPhoto,#ISS,ISS Astronauts Photograph Earth,Sunrise Sunset,Windows on Earth']"
295,"['iss037e013715.jpg', '#Astronaut,#EarthPhoto,#ISS,ISS Astronauts Photograph Earth,Moon,Windows on Earth']"
296,"['iss052e035038.jpg', 'Day']"
297,"['iss049e042375.jpg', 'Dock Undock,Spacecraft']"
298,"['iss041e100381.jpg', '#Astronaut,#EarthPhoto,#ISS,Cupola,ISS Astronauts Photograph Earth,Inside ISS,Windows on Earth']"
299,"['iss052e020810.jpg', 'Day']"
300,"['iss050e011259.jpg', 'Dock Undock,Spacecraft']"
301,"['iss053e035134.jpg', 'Atmosphere,Day,Hurricane']"
302,"['iss040e045504.jpg', '#Astronaut,#EarthPhoto,#ISS,ISS Astronauts Photograph Earth,Sunrise Sunset,Windows on Earth']"
303,"['iss052e008187.jpg', '#WinEarthFavs,ISS Structure,Moon']"
304,"['iss050e013300.jpg', '#WinEarthFavs,ISS Structure']"
305,"['iss052e012875.jpg', 'Cupola,Inside ISS']"
306,"['iss052e073247.jpg', 'Day,Movie']"
307,"['iss040e015284.jpg', '#Astronaut,#EarthPhoto,#ISS,ISS Astronauts Photograph Earth,Sunrise Sunset,Windows on Earth']"
308,"['_31R8123wk.jpg', 'Astronaut Favs,Guy LaLiberte,Sunrise Sunset']"
309,"['iss040e033531.jpg', '#Astronaut,#EarthPhoto,#ISS,ISS Astronauts Photograph Earth,Movie,Private,Sunrise Sunset,Windows on Earth']"
310,"['iss053e028950.jpg', 'Inside ISS,Private']"
311,"['iss050e068836.jpg', 'Night']"
312,"['iss042e017585.jpg', 'Sunrise Sunset,Windows on Earth']"
313,"['iss050e056700.jpg', 'Night']"
314,"['iss042e017591.jpg', 'Sunrise Sunset,Windows on Earth']"
315,"['iss052e023538.jpg', 'Day']"
316,"['iss050e072852.jpg', 'Movie,Night']"
317,"['iss053e033196.jpg', 'ISS Structure,Movie']"
318,"['iss050e013923.jpg', 'Cupola,Day,Inside ISS']"
319,"['iss053e033182.jpg', 'ISS Structure,Movie']"
320,"['iss050e057813.jpg', 'Night']"
321,"['iss050e065651.jpg', 'Night']"
322,"['iss038e035604.jpg', '#Astronaut,#EarthPhoto,#ISS,ISS Astronauts Photograph Earth,Moon,Windows on Earth']"
323,"['iss038e017328.jpg', '#Astronaut,#EarthPhoto,#ISS,ISS Astronauts Photograph Earth,Moon,Windows on Earth']"
324,"['iss049e026234.jpg', 'Stars']"
325,"['iss038e065966.jpg', '#Astronaut,#EarthPhoto,#ISS,Aurora,ISS Astronauts Photograph Earth,Windows on Earth']"
326,"['iss052e039762.jpg', 'Inside ISS,Private']"
327,"['iss052e027212.jpg', 'Day']"
328,"['iss052e039748.jpg', 'Inside ISS,Private']"
329,"['iss050e060930.jpg', 'Night']"
330,"['iss052e025413.jpg', 'Day,ISS Structure']"
331,"['iss050e060924.jpg', 'Night']"
332,"['iss052e026898.jpg', '#WinEarthFavs,Day']"
333,"['iss040e025609.jpg', '#Astronaut,#EarthPhoto,#ISS,Aurora,ISS Astronauts Photograph Earth,Windows on Earth']"
334,"['iss053e033194.jpg', 'ISS Structure,Movie']"
335,"['iss052e020594.jpg', 'ISS Structure']"
336,"['iss053e033180.jpg', 'ISS Structure,Movie']"
337,"['iss052e012917.jpg', 'Cupola,Inside ISS']"
338,"['iss040e104360.jpg', '#EarthPhoto,Aurora,ISS Astronauts Photograph Earth,Movie,Private,Windows on Earth']"
339,"['iss038e010647.jpg', '#Astronaut,#EarthPhoto,#ISS,ISS Astronauts Photograph Earth,Moon,Windows on Earth']"
340,"['iss052e020999.jpg', 'Sunrise Sunset']"
341,"['iss040e045499.jpg', '#Astronaut,#EarthPhoto,#ISS,ISS Astronauts Photograph Earth,Sunrise Sunset,Windows on Earth']"
342,"['iss050e061145.jpg', 'Night']"
343,"['iss052e023466.jpg', 'Day']"
344,"['iss052e073245.jpg', 'Day,Movie']"
345,"['iss040e065826.jpg', '#Astronaut,#EarthPhoto,#ISS,Aurora,ISS Astronauts Photograph Earth,Movie,Private,Windows on Earth']"
346,"['iss053e002942.jpg', 'Inside ISS,Private']"
347,"['iss042e182198.jpg', 'Cupola,Inside ISS,Windows on Earth']"
348,"['iss052e020621.jpg', 'ISS Structure']"
349,"['iss052e025759.jpg', 'Day,ISS Structure']"
350,"['iss052e018433.jpg', '#WinEarthFavs,Day,Glint']"
351,"['iss052e031923.jpg', 'Inside ISS,Private']"
352,"['iss050e015798.jpg', 'Dock Undock,Spacecraft']"
353,"['iss040e140654.jpg', 'Moon,Windows on Earth']"
354,"['iss040e103745.jpg', 'Aurora,ISS Astronauts Photograph Earth,Movie,Private,Windows on Earth,iss040e103574-103869']"
355,"['iss050e035689.jpg', 'Dock Undock,Spacecraft']"
356,"['iss052e033339.jpg', '#WinEarthFavs,Day']"
357,"['iss049e045140.jpg', 'Dock Undock,Spacecraft']"
358,"['iss050e041685.jpg', 'Night']"
359,"['iss038e043800.jpg', '#Astronaut,#EarthPhoto,#ISS,Aurora,ISS Astronauts Photograph Earth,Windows on Earth']"
360,"['iss040e063701.jpg', '#Astronaut,#EarthPhoto,#ISS,#WinEarthFavs,Cupola,ISS Astronauts Photograph Earth,Inside ISS,Partners,Private,SSASummer2014,Windows on Earth']"
361,"['iss040e123457.jpg', 'ISS Astronauts Photograph Earth,Sunrise Sunset,Windows on Earth']"
362,"['iss052e069988.jpg', 'Day']"
363,"['iss052e002873.jpg', 'ISS Structure,Solar Panels']"
364,"['iss038e067223.jpg', '#Astronaut,#EarthPhoto,#ISS,Day,ISS Astronauts Photograph Earth,Surface,Volcano,Windows on Earth']"
365,"['iss039e005743.jpg', '#Astronaut,#EarthPhoto,#ISS,Cupola,ISS Astronauts Photograph Earth,Inside ISS,Private,Windows on Earth']"
366,"['iss041e009371.jpg', '#EarthPhoto,ISS Astronauts Photograph Earth,Movie,Night,Stars,Windows on Earth,iss041e008744-009492']"
367,"['iss052e073244.jpg', 'Day,Movie']"
368,"['DSC_5698.jpg', 'Anousheh Ansari,Anousheh_All_Sun_Moon,Anousheh_Earth,Anousheh_Iran,Astronaut Favs,Moon']"
369,"['iss040e015287.jpg', '#Astronaut,#EarthPhoto,#ISS,ISS Astronauts Photograph Earth,Sunrise Sunset,Windows on Earth']"
370,"['iss052e022816.jpg', 'Movie,Sunrise Sunset']"
371,"['iss039e001445.jpg', '#Astronaut,#EarthPhoto,#ISS,ISS Astronauts Photograph Earth,Moon,Windows on Earth']"
372,"['iss043e121448.jpg', 'Cupola,Day,Inside ISS,Windows on Earth']"
373,"['iss052e035371.jpg', 'Day']"
374,"['iss043e106544.jpg', 'Moon,Windows on Earth']"
375,"['iss052e056403.jpg', 'ISS Structure']"
376,"['iss053e033181.jpg', 'ISS Structure,Movie']"
377,"['iss042e046508.jpg', 'Cupola,Inside ISS']"
378,"['iss053e033195.jpg', 'ISS Structure,Movie']"
379,"['iss052e016033.jpg', 'Day']"
380,"['iss038e037038.jpg', '#Astronaut,#EarthPhoto,#ISS,Aurora,ISS Astronauts Photograph Earth,Windows on Earth']"
381,"['iss038e057082.jpg', '#Astronaut,#EarthPhoto,#ISS,Aurora,ISS Astronauts Photograph Earth,Windows on Earth']"
382,"['iss050e065646.jpg', '#WinEarthFavs,Night']"
383,"['iss052e026872.jpg', 'Day']"
384,"['iss037e027276.jpg', '#Astronaut,#EarthPhoto,#ISS,ISS Astronauts Photograph Earth,Sunrise Sunset,Windows on Earth']"
385,"['iss052e008590.jpg', 'Dock Undock,ISS Structure,Solar Panels,Spacecraft']"
386,"['iss037e027272.jpg', '#Astronaut,#EarthPhoto,#ISS,ISS Astronauts Photograph Earth,Sunrise Sunset,Windows on Earth']"
387,"['iss053e033191.jpg', 'ISS Structure,Movie']"
388,"['iss053e033185.jpg', 'ISS Structure,Movie']"
389,"['iss052e056407.jpg', 'ISS Structure']"
390,"['iss046e036727.jpg', 'Stars']"
391,"['iss050e014911.jpg', 'ISS Structure']"
392,"['iss043e183204.jpg', 'Night,Stars,Windows on Earth']"
393,"['iss038e065034.jpg', '#Astronaut,#EarthPhoto,#ISS,#WinEarthFavs,Aurora,BUSpark,ISS Astronauts Photograph Earth,Windows on Earth']"
394,"['iss039e001441.jpg', '#Astronaut,#EarthPhoto,#ISS,ISS Astronauts Photograph Earth,Moon,Windows on Earth']"
395,"['iss053e028758.jpg', 'Inside ISS,Private']"
396,"['iss052e012906.jpg', 'Cupola,Inside ISS']"
397,"['iss052e019660.jpg', 'Inside ISS,Private']"
398,"['iss053e027494.jpg', 'Movie,Night']"
399,"['iss045e046543.jpg', 'Astronaut Favs,CASIS,Scott Kelly tweet,SunMoonStars,Sunrise Sunset,Windows on Earth']"
400,"['iss043e183199.jpg', 'Night,Stars,Windows on Earth']"
401,"['iss039e011726.jpg', '#Astronaut,#EarthPhoto,#ISS,Cupola,ISS Astronauts Photograph Earth,Inside ISS,Windows on Earth']"
402,"['iss053e002947.jpg', 'Day']"
403,"['iss052e021506.jpg', 'Dock Undock,Movie,Spacecraft']"
404,"['iss052e027177.jpg', 'Day']"
405,"['iss052e073240.jpg', 'Day,Movie']"
406,"['iss038e007504.jpg', '#Astronaut,#EarthPhoto,#ISS,Aurora,ISS Astronauts Photograph Earth,Windows on Earth']"
407,"['iss049e042414.jpg', 'Dock Undock,Spacecraft']"
408,"['iss053e011720.jpg', 'Inside ISS,Private']"
409,"['iss053e002984.jpg', 'Inside ISS,Private']"
410,"['iss053e002990.jpg', 'Inside ISS,Private']"
411,"['iss038e067233.jpg', '#Astronaut,#EarthPhoto,#ISS,#WinEarthFavs,BUSpark,Day,ISS Astronauts Photograph Earth,Surface,Volcano,Windows on Earth']"
412,"['iss038e042514.jpg', '#Astronaut,#EarthPhoto,#ISS,ISS Astronauts Photograph Earth,Sunrise Sunset,Windows on Earth']"
413,"['iss044e078358.jpg', 'Moon,Windows on Earth']"
414,"['iss049e042819.jpg', 'Dock Undock,Spacecraft']"
415,"['iss039e009419.jpg', '#Astronaut,#EarthPhoto,#ISS,ISS Astronauts Photograph Earth,Sunrise Sunset,Windows on Earth']"
416,"['iss052e002863.jpg', 'ISS Structure,Solar Panels']"
417,"['iss038e039165.jpg', '#Astronaut,#EarthPhoto,#ISS,ISS Astronauts Photograph Earth,Sunrise Sunset,Windows on Earth']"
418,"['iss051e026267.jpg', 'Dock Undock,Movie,Spacecraft']"
419,"['iss050e075242.jpg', 'Night']"
420,"['iss038e014974.jpg', '#Astronaut,#EarthPhoto,#ISS,Aurora,ISS Astronauts Photograph Earth,Windows on Earth']"
421,"['iss047e152794.jpg', 'Cupola,Inside ISS']"
422,"['iss038e039164.jpg', '#Astronaut,#EarthPhoto,#ISS,ISS Astronauts Photograph Earth,Sunrise Sunset,Windows on Earth']"
423,"['iss052e009937.jpg', 'Cupola,ISS Structure,Inside ISS']"
424,"['iss040e140136.jpg', 'Cupola,Inside ISS,Windows on Earth']"
425,"['iss048e066336.jpg', 'Dock Undock,Spacecraft']"
426,"['iss040e008172.jpg', '#Astronaut,#EarthPhoto,#ISS,ISS Astronauts Photograph Earth,Sunrise Sunset,Windows on Earth']"
427,"['iss050e014657.jpg', 'ISS Structure']"
428,"['iss034e009786.jpg', '#Astronaut,#EarthPhoto,#ISS,Astronaut Favs,Chris Hadfield tweet,Cupola,ISS Astronauts Photograph Earth,Inside ISS,Windows on Earth']"
429,"['iss038e067226.jpg', '#Astronaut,#EarthPhoto,#ISS,Day,ISS Astronauts Photograph Earth,Surface,Volcano,Windows on Earth']"
430,"['iss048e061840.jpg', 'Cupola,Inside ISS']"
431,"['iss052e022797.jpg', 'Movie,Sunrise Sunset']"
432,"['iss052e027176.jpg', 'Day']"
433,"['iss052e073241.jpg', 'Day,Movie']"
434,"['iss041e100378.jpg', '#Astronaut,#EarthPhoto,#ISS,Cupola,ISS Astronauts Photograph Earth,Inside ISS,Private,SciFest,Windows on Earth']"
435,"['iss040e065836.jpg', '#Astronaut,#EarthPhoto,#ISS,Aurora,ISS Astronauts Photograph Earth,Movie,Private,Windows on Earth']"
436,"['iss040e140308.jpg', 'Moon,Windows on Earth']"
437,"['iss052e053740.jpg', 'Inside ISS,Private']"
438,"['iss052e020976.jpg', 'ISS Structure']"
439,"['iss052e020962.jpg', 'ISS Structure']"
440,"['iss050e061155.jpg', 'Night']"
441,"['iss042e336244.jpg', 'Cupola,Cupola Uzbekistan to Malaysia,Day,Inside ISS,Movie,Movies Exported,Windows on Earth,iss042e335980-337503']"
442,"['iss040e015296.jpg', '#Astronaut,#EarthPhoto,#ISS,ISS Astronauts Photograph Earth,Sunrise Sunset,Windows on Earth']"
443,"['iss043e284920.jpg', 'Cupola,Inside ISS,Windows on Earth']"
444,"['iss042e037848.jpg', 'Stars,Windows on Earth']"
445,"['iss052e000456.jpg', 'Dock Undock,Spacecraft']"
446,"['iss052e033063.jpg', 'Day']"
447,"['iss039e021579.jpg', 'Moon,Windows on Earth']"
448,"['iss053e033184.jpg', 'ISS Structure,Movie']"
449,"['iss051e014388.jpg', 'Night']"
450,"['iss046e036732.jpg', 'Stars']"
451,"['iss050e057801.jpg', 'Night']"
452,"['iss053e033190.jpg', 'ISS Structure,Movie']"
453,"['iss053e027126.jpg', 'Movie,Night']"
454,"['iss048e048195.jpg', 'Stars']"
455,"['iss053e033179.jpg', 'ISS Structure,Movie']"
456,"['iss052e021115.jpg', 'ISS Structure']"
457,"['iss050e060936.jpg', 'Night']"
458,"['iss038e017310.jpg', '#Astronaut,#EarthPhoto,#ISS,ISS Astronauts Photograph Earth,Moon,Windows on Earth']"
459,"['iss040e092674.jpg', '#Astronaut,#EarthArt,#EarthPhoto,#ISS,#WinEarthFavs,C Panoramic,C Panoramic Fav,ISS Astronauts Photograph Earth,Moon,Windows on Earth']"
460,"['iss053e033186.jpg', 'ISS Structure,Movie']"
461,"['iss053e033192.jpg', 'ISS Structure,Movie']"
462,"['iss052e018743.jpg', '#WinEarthFavs,ISS Structure']"
463,"['iss052e031892.jpg', 'Inside ISS,Private']"
464,"['iss053e028773.jpg', 'Inside ISS,Private']"
465,"['iss043e161731.jpg', 'Moon,Windows on Earth']"
466,"['iss050e015832.jpg', 'Dock Undock,Spacecraft']"
467,"['iss037e016523.jpg', '#Astronaut,#EarthPhoto,#ISS,ISS Astronauts Photograph Earth,Moon,Windows on Earth']"
468,"['iss052e073243.jpg', 'Day,Movie']"
469,"['iss052e019703.jpg', 'ISS Structure']"
470,"['iss038e066112.jpg', '#Astronaut,#EarthPhoto,#ISS,ISS Astronauts Photograph Earth,Moon,Windows on Earth']"
471,"['iss053e028808.jpg', 'Inside ISS,Private']"
472,"['iss052e014233.jpg', 'ISS Structure']"
473,"['iss052e040662.jpg', 'Inside ISS,Private']"
474,"['iss053e028834.jpg', 'Inside ISS,Private']"
475,"['iss038e067224.jpg', '#Astronaut,#EarthPhoto,#ISS,Day,ISS Astronauts Photograph Earth,Surface,Volcano,Windows on Earth']"
476,"['iss040e051763.jpg', '#Astronaut,#EarthPhoto,#ISS,ISS Astronauts Photograph Earth,Movie,Private,Sunrise Sunset,Windows on Earth']"
477,"['iss035e042306.jpg', '#Astronaut,#EarthPhoto,#ISS,ISS Astronauts Photograph Earth,Moon,Windows on Earth']"
478,"['iss052e023892.jpg', 'Day,ISS Structure']"
479,"['iss050e013890.jpg', '#WinEarthFavs,ISS Structure']"
480,"['iss052e033303.jpg', 'Day']"
481,"['iss038e017264.jpg', '#Astronaut,#EarthPhoto,#ISS,ISS Astronauts Photograph Earth,Sunrise Sunset,Windows on Earth']"
482,"['iss052e035941.jpg', 'Inside ISS,Private']"
483,"['iss050e075268.jpg', 'Night']"
484,"['iss052e018637.jpg', '#WinEarthFavs,ISS Structure']"
485,"['iss038e014976.jpg', '#Astronaut,#EarthPhoto,#ISS,Aurora,ISS Astronauts Photograph Earth,Windows on Earth']"
486,"['iss050e071032.jpg', 'Night']"
487,"['iss034e054858.jpg', '#Astronaut,#EarthPhoto,#ISS,#WinEarthFavs,Astronaut Favs,BUSpark,BarnesAndNoble,Chris Hadfield tweet,ChrisHadfieldEarthBook1,HomePageSlideShow,ISS Astronauts Photograph Earth,Moon,Partners,Windows on Earth']"
488,"['iss038e014977.jpg', '#Astronaut,#EarthPhoto,#ISS,Aurora,ISS Astronauts Photograph Earth,Windows on Earth']"
489,"['iss052e054414.jpg', 'ISS Structure']"
490,"['iss040e103781.jpg', 'Aurora,ISS Astronauts Photograph Earth,Movie,Private,Windows on Earth,iss040e103574-103869']"
491,"['iss052e019500.jpg', 'Inside ISS,Private']"
492,"['iss039e009433.jpg', '#Astronaut,#EarthPhoto,#ISS,ISS Astronauts Photograph Earth,Sunrise Sunset,Windows on Earth']"
493,"['iss053e016065.jpg', 'Movie,Night']"
494,"['iss038e035577.jpg', '#Astronaut,#EarthPhoto,#ISS,ISS Astronauts Photograph Earth,Moon,Windows on Earth']"
495,"['iss052e000253.jpg', 'ISS Structure']"
496,"['iss052e074539.jpg', 'Day']"
497,"['iss052e073242.jpg', 'Day,Movie']"
498,"['iss043e161888.jpg', 'Moon,Windows on Earth']"
499,"['iss051e019526.jpg', 'Dock Undock,Spacecraft']"
500,"['iss050e066639.jpg', 'Night']"
501,"['iss052e053743.jpg', 'Inside ISS,Private']"
502,"['iss052e016551.jpg', 'Inside ISS,Private']"
503,"['iss053e028772.jpg', 'Inside ISS,Private']"
504,"['iss042e017594.jpg', 'Sunrise Sunset,Windows on Earth']"
505,"['iss040e124262.jpg', 'Aurora,ISS Astronauts Photograph Earth,Windows on Earth']"
506,"['iss053e033193.jpg', 'ISS Structure,Movie']"
507,"['iss053e033187.jpg', 'ISS Structure,Movie']"
508,"['iss039e016301.jpg', '#Astronaut,#EarthPhoto,#ISS,#WinEarthFavs,Aurora,BUSpark,ISS Astronauts Photograph Earth,Windows on Earth']"
509,"['iss052e027217.jpg', 'Day']"
510,"['iss053e033178.jpg', 'ISS Structure,Movie']"
511,"['iss052e014187.jpg', 'Day']"
512,"['iss037e020251.jpg', '#Astronaut,#EarthPhoto,#ISS,Day,Europe,ISS Astronauts Photograph Earth,Italy,Sicily,Surface,Volcano,Windows on Earth,geo']"
513,"['iss050e011669.jpg', 'ISS Structure']"
514,"['iss039e005402.jpg', '#Astronaut,#EarthPhoto,#ISS,Cupola,Day,ISS Astronauts Photograph Earth,Inside ISS,Windows on Earth']"
515,"['iss053e033175.jpg', 'ISS Structure,Movie']"
516,"['iss040e103820.jpg', 'Aurora,ISS Astronauts Photograph Earth,Movie,Private,Windows on Earth,iss040e103574-103869']"
517,"['iss041e031550.jpg', '#Astronaut,#EarthPhoto,#ISS,Aurora,ISS Astronauts Photograph Earth,Windows on Earth']"
518,"['iss040e130540.jpg', '#EarthPhoto,ISS Astronauts Photograph Earth,Movie,Private,Sunrise Sunset,Windows on Earth,iss040e130369-131339']"
519,"['iss046e036714.jpg', 'Stars']"
520,"['iss040e065541.jpg', '#Astronaut,#EarthPhoto,#ISS,Aurora,ISS Astronauts Photograph Earth,Movie,Private,Windows on Earth']"
521,"['iss050e066185.jpg', 'Night']"
522,"['iss040e130756.jpg', '#EarthPhoto,ISS Astronauts Photograph Earth,Movie,Private,Sunrise Sunset,Windows on Earth,iss040e130369-131339']"
523,"['iss053e028780.jpg', 'Inside ISS,Private']"
524,"['iss050e066634.jpg', 'Night']"
525,"['iss037e016513.jpg', '#Astronaut,#EarthPhoto,#ISS,ISS Astronauts Photograph Earth,Moon,Windows on Earth']"
526,"['iss043e115719.jpg', 'Moon,Windows on Earth']"
527,"['iss042e308207.jpg', '#WinEarthFavs,Moon,Windows on Earth']"
528,"['iss053e002948.jpg', 'Day']"
529,"['iss052e021247.jpg', 'Inside ISS,Private']"
530,"['iss050e015023.jpg', 'ISS Structure']"
531,"['iss052e012869.jpg', 'Cupola,Inside ISS']"
532,"['iss053e033203.jpg', 'ISS Structure,Movie']"
533,"['iss043e161885.jpg', 'Moon,Windows on Earth']"
534,"['iss052e015135.jpg', '#WinEarthFavs,Day']"
535,"['iss048e048204.jpg', 'Stars']"
536,"['iss052e000262.jpg', 'ISS Structure']"
537,"['iss052e010515.jpg', 'Night']"
538,"['iss038e065629.jpg', '#Astronaut,#EarthPhoto,#ISS,Aurora,ISS Astronauts Photograph Earth,Windows on Earth']"
539,"['iss040e008182.jpg', '#Astronaut,#EarthPhoto,#ISS,ISS Astronauts Photograph Earth,Sunrise Sunset,Windows on Earth']"
540,"['iss038e029422.jpg', '#Astronaut,#EarthPhoto,#ISS,ISS Astronauts Photograph Earth,Sunrise Sunset,Windows on Earth']"
541,"['iss052e023874.jpg', 'Day,ISS Structure']"
542,"['iss050e066219.jpg', 'Night']"
543,"['iss040e103766.jpg', '#EarthPhoto,Aurora,ISS Astronauts Photograph Earth,Movie,Private,Windows on Earth,iss040e103574-103869']"
544,"['iss040e006178.jpg', '#Astronaut,#EarthPhoto,#ISS,Cupola,ISS Astronauts Photograph Earth,ISS Structure,Inside ISS,Private,Windows on Earth']"
545,"['iss040e051746.jpg', '#Astronaut,#EarthPhoto,#ISS,ISS Astronauts Photograph Earth,Movie,Private,Sunrise Sunset,Windows on Earth']"
546,"['iss052e072408.jpg', 'Atmosphere,Clouds,Day']"
547,"['iss038e053403.jpg', '#Astronaut,#EarthPhoto,#ISS,ISS Astronauts Photograph Earth,Moon,Windows on Earth']"
548,"['iss040e052515.jpg', '#Astronaut,#EarthPhoto,#ISS,ISS Astronauts Photograph Earth,Movie,Private,Sunrise Sunset,Windows on Earth']"
549,"['iss041e109384.jpg', 'Sunrise Sunset,Windows on Earth']"
550,"['iss052e039384.jpg', 'Inside ISS,Private']"
551,"['iss048e051026.jpg', 'Stars']"
552,"['iss049e042340.jpg', 'Dock Undock,Spacecraft']"
553,"['iss048e048205.jpg', 'Stars']"
554,"['iss052e040653.jpg', 'ISS Structure']"
555,"['iss052e056019.jpg', 'Day']"
556,"['iss050e010827.jpg', 'Dock Undock,Spacecraft']"
557,"['iss052e016429.jpg', 'Inside ISS,Private']"
558,"['DSC_5686.jpg', 'Anousheh Ansari,Anousheh_All_Sun_Moon,Anousheh_Earth,Anousheh_Iran,Astronaut Favs,Moon']"
559,"['iss050e054724.jpg', '#WinEarthFavs,Night']"
560,"['iss053e033202.jpg', 'ISS Structure,Movie']"
561,"['iss052e027179.jpg', '#WinEarthFavs,Africa,Day,Mauritania,Richat Structure,geo']"
562,"['iss043e161884.jpg', 'Astronaut Favs,CASIS,Moon,Scott Kelly Best,Scott Kelly tweet,SunMoonStars,Windows on Earth']"
563,"['iss052e020602.jpg', 'ISS Structure']"
564,"['iss053e016653.jpg', 'Inside ISS,Private']"
565,"['iss038e004163.jpg', '#Astronaut,#EarthPhoto,#ISS,ISS Astronauts Photograph Earth,Moon,Windows on Earth']"
566,"['iss043e121442.jpg', 'Cupola,Day,Inside ISS,Windows on Earth']"
567,"['iss046e036715.jpg', 'Stars']"
568,"['iss038e057088.jpg', '#Astronaut,#EarthPhoto,#ISS,Aurora,ISS Astronauts Photograph Earth,Windows on Earth']"
569,"['iss040e092692.jpg', '#Astronaut,#EarthPhoto,#ISS,ISS Astronauts Photograph Earth,Moon,Windows on Earth']"
570,"['iss052e055841.jpg', 'Sunrise Sunset']"
571,"['iss053e033174.jpg', 'ISS Structure,Movie']"
572,"['iss052e019487.jpg', 'Inside ISS,Private']"
573,"['iss040e103160.jpg', 'Aurora,ISS Astronauts Photograph Earth,Movie,Private,Windows on Earth']"
574,"['iss052e020574.jpg', 'ISS Structure']"
575,"['iss053e027673.jpg', 'Movie,Night']"
576,"['iss052e020548.jpg', '#WinEarthFavs,Movie,Sunrise Sunset']"
577,"['iss038e017337.jpg', '#Astronaut,#EarthPhoto,#ISS,ISS Astronauts Photograph Earth,Moon,Windows on Earth']"
578,"['iss047e144058.jpg', 'Night,Stars']"
579,"['iss053e033176.jpg', 'ISS Structure,Movie']"
580,"['iss053e033189.jpg', 'ISS Structure,Movie']"
581,"['iss050e075307.jpg', 'Night']"
582,"['iss052e013143.jpg', 'ISS Structure']"
583,"['iss038e067161.jpg', '#Astronaut,#CASIS ISS Conf,#EarthArt,#EarthPhoto,#ISS,#WinEarthFavs,BUSpark,C Panoramic,ISS Astronauts Photograph Earth,MaynardShow,Nashoba,NatGeo,Partners,SSASummer2014,Sunrise Sunset,Windows on Earth']"
584,"['iss052e026846.jpg', 'Day']"
585,"['iss038e067149.jpg', '#Astronaut,#EarthPhoto,#ISS,ISS Astronauts Photograph Earth,Sunrise Sunset,Windows on Earth']"
586,"['iss053e028754.jpg', 'Inside ISS,Private']"
587,"['iss050e061164.jpg', 'Night']"
588,"['iss050e015815.jpg', 'Dock Undock,Spacecraft']"
589,"['iss052e016577.jpg', 'Day']"
590,"['iss041e032516.jpg', '#Astronaut,#EarthPhoto,#ISS,Cupola,Day,ISS Astronauts Photograph Earth,Inside ISS,Windows on Earth']"
591,"['iss052e039580.jpg', 'Inside ISS,Private']"
592,"['iss040e006350.jpg', '#Astronaut,#EarthPhoto,#ISS,#WinEarthFavs,Astronaut Favs,Cupola,Day,ISS Astronauts Photograph Earth,Inside ISS,Reid Wiseman tweet,Windows on Earth']"
593,"['iss043e290637.jpg', 'Night,Stars,Windows on Earth']"
594,"['iss053e033200.jpg', 'ISS Structure,Movie']"
595,"['iss052e072152.jpg', '#WinEarthFavs,Day,Mt. Rainier,North America,Surface,United States,Volcano,Washington,geo']"
596,"['DSC_5684.jpg', 'Anousheh Ansari,Anousheh_All_Sun_Moon,Anousheh_Earth,Anousheh_Iran,Astronaut Favs,Moon']"
597,"['iss053e028807.jpg', 'Inside ISS,Private']"
598,"['iss043e281935.jpg', 'Moon,Windows on Earth']"
599,"['iss052e000249.jpg', 'Dock Undock,Spacecraft']"
600,"['iss050e015791.jpg', 'Dock Undock,Spacecraft']"
601,"['iss038e035551.jpg', '#Astronaut,#EarthPhoto,#ISS,ISS Astronauts Photograph Earth,Moon,Windows on Earth']"
602,"['iss048e048213.jpg', 'Stars']"
603,"['iss035e042309.jpg', '#Astronaut,#EarthPhoto,#ISS,ISS Astronauts Photograph Earth,Moon,Windows on Earth']"
604,"['iss042e154931.jpg', 'Stars,Windows on Earth']"
605,"['iss052e027379.jpg', 'Day']"
606,"['iss052e038259.jpg', 'Inside ISS,Private']"
607,"['iss050e075273.jpg', 'Night']"
608,"['iss038e043809.jpg', '#Astronaut,#EarthPhoto,#ISS,Aurora,ISS Astronauts Photograph Earth,Windows on Earth']"
609,"['iss051e038041.jpg', 'Cupola,Day,Inside ISS']"
610,"['iss050e041698.jpg', 'Night']"
611,"['iss038e029420.jpg', '#Astronaut,#EarthPhoto,#ISS,ISS Astronauts Photograph Earth,Sunrise Sunset,Windows on Earth']"
612,"['iss038e029421.jpg', '#Astronaut,#EarthPhoto,#ISS,ISS Astronauts Photograph Earth,Sunrise Sunset,Windows on Earth']"
613,"['iss039e009399.jpg', '#Astronaut,#EarthPhoto,#ISS,ISS Astronauts Photograph Earth,Sunrise Sunset,Windows on Earth']"
614,"['iss040e064729.jpg', '#Astronaut,#EarthPhoto,#ISS,Aurora,ISS Astronauts Photograph Earth,Movie,Private,Windows on Earth']"
615,"['iss052e014759.jpg', 'Day']"
616,"['iss052e026933.jpg', 'Inside ISS,Private']"
617,"['iss052e027387.jpg', 'Day']"
618,"['iss052e033319.jpg', '#WinEarthFavs,Day']"
619,"['iss052e033331.jpg', '#WinEarthFavs,Day']"
620,"['iss050e014883.jpg', 'ISS Structure']"
621,"['iss053e011711.jpg', 'Inside ISS,Private']"
622,"['iss052e040644.jpg', 'ISS Structure']"
623,"['iss040e074076.jpg', '#Astronaut,#EarthPhoto,#ISS,ISS Astronauts Photograph Earth,Sunrise Sunset,Windows on Earth']"
624,"['iss035e006947.jpg', '#Astronaut,#EarthPhoto,#ISS,Astronaut Favs,Chris Hadfield tweet,Day,ISS Astronauts Photograph Earth,Surface,Volcano,Windows on Earth']"
625,"['iss053e028806.jpg', 'Inside ISS,Private']"
626,"['iss038e014207.jpg', '#Astronaut,#EarthPhoto,#ISS,ISS Astronauts Photograph Earth,Moon,Windows on Earth']"
627,"['iss053e033201.jpg', 'ISS Structure,Movie']"
628,"['iss050e011253.jpg', '#WinEarthFavs,Dock Undock,Spacecraft']"
629,"['iss043e193556.jpg', 'Astronaut Favs,Cupola,Day,DayEarth,ISSAll,Inside ISS,Scott Kelly Best,Scott Kelly tweet,Windows on Earth']"
630,"['iss052e019679.jpg', 'Inside ISS,Private']"
631,"['iss037e013441.jpg', '#Astronaut,#EarthPhoto,#ISS,Day,ISS Astronauts Photograph Earth,Surface,Volcano,Windows on Earth']"
632,"['iss040e015265.jpg', '#Astronaut,#EarthPhoto,#ISS,ISS Astronauts Photograph Earth,Sunrise Sunset,Windows on Earth']"
633,"['iss050e013518.jpg', '#WinEarthFavs,ISS Structure']"
634,"['iss045e032542.jpg', 'Moon,Windows on Earth']"
635,"['iss050e057831.jpg', 'Night']"
636,"['iss050e066352.jpg', 'Stars']"
637,"['iss052e019453.jpg', 'Inside ISS,Private']"
638,"['iss052e033292.jpg', 'ISS Structure']"
639,"['iss050e014920.jpg', 'ISS Structure']"
640,"['iss041e031552.jpg', '#Astronaut,#EarthPhoto,#ISS,Aurora,ISS Astronauts Photograph Earth,Windows on Earth']"
641,"['iss042e046501.jpg', '#CASIS ISS Conf,#WinEarthFavs,Challenger Center,Cupola,Inside ISS,Partners']"
642,"['iss053e033188.jpg', 'ISS Structure,Movie']"
643,"['iss051e020747.jpg', 'Dock Undock,Spacecraft']"
644,"['iss053e027843.jpg', 'Movie,Night']"
645,"['iss038e000662.jpg', '#Astronaut,#EarthPhoto,#ISS,ISS Astronauts Photograph Earth,Moon,Windows on Earth']"
646,"['iss042e154850.jpg', 'Stars,Windows on Earth']"
647,"['iss053e033177.jpg', 'ISS Structure,Movie']"
648,"['iss050e060904.jpg', 'Night']"
649,"['iss040e081148.jpg', '#Astronaut,#EarthPhoto,#ISS,ISS Astronauts Photograph Earth,Sunrise Sunset,Windows on Earth']"
650,"['iss049e051924.jpg', 'ISS Structure']"
651,"['iss053e033173.jpg', 'ISS Structure,Movie']"
652,"['iss040e130585.jpg', '#EarthPhoto,ISS Astronauts Photograph Earth,Movie,Private,Sunrise Sunset,Windows on Earth,iss040e130369-131339']"
653,"['iss038e057064.jpg', '#Astronaut,#EarthPhoto,#ISS,Aurora,ISS Astronauts Photograph Earth,Windows on Earth']"
654,"['iss052e004374.jpg', 'ISS Structure,Solar Panels']"
655,"['iss043e106561.jpg', 'Moon,Windows on Earth']"
656,"['iss038e067170.jpg', '#Astronaut,#EarthPhoto,#ISS,ISS Astronauts Photograph Earth,Sunrise Sunset,Windows on Earth']"
657,"['iss053e033198.jpg', 'ISS Structure,Movie']"
658,"['iss040e103826.jpg', '#EarthPhoto,Aurora,ISS Astronauts Photograph Earth,Movie,Private,Windows on Earth,iss040e103574-103869']"
659,"['iss038e037035.jpg', '#Astronaut,#EarthPhoto,#ISS,Aurora,ISS Astronauts Photograph Earth,Windows on Earth']"
660,"['iss050e000789.jpg', '#WinEarthFavs,ISS Structure']"
661,"['iss040e104378.jpg', '#EarthPhoto,Aurora,ISS Astronauts Photograph Earth,Movie,Private,Windows on Earth']"
662,"['iss049e041935.jpg', 'Cupola,Day,Inside ISS']"
663,"['iss039e014045.jpg', '#Astronaut,#EarthPhoto,#ISS,ISS Astronauts Photograph Earth,Sunrise Sunset,Windows on Earth']"
664,"['iss050e061149.jpg', 'Night']"
665,"['iss053e028792.jpg', 'Inside ISS,Private']"
666,"['iss052e000462.jpg', 'Dock Undock,Spacecraft']"
667,"['iss052e073249.jpg', 'Day,Movie']"
668,"['iss053e033205.jpg', 'ISS Structure,Movie']"
669,"['iss050e062291.jpg', 'Movie,Night']"
670,"['iss045e074329.jpg', 'Astronaut Favs,CASIS,Scott Kelly tweet,SunMoonStars,Sunrise Sunset,Windows on Earth']"
671,"['iss052e072631.jpg', 'Inside ISS,Private']"
672,"['iss050e029086.jpg', '#WinEarthFavs,Cupola,Inside ISS']"
673,"['iss050e029092.jpg', '#WinEarthFavs,Cupola,Inside ISS']"
674,"['iss043e161897.jpg', 'Moon,Windows on Earth']"
675,"['iss052e027142.jpg', 'Day']"
676,"['iss050e017626.jpg', '#WinEarthFavs,ISS Structure']"
677,"['iss051e051596.jpg', 'Cupola,Inside ISS,Private']"
678,"['iss046e029550.jpg', 'Stars']"
679,"['iss050e029079.jpg', 'Cupola,Inside ISS,Private']"
680,"['iss038e042535.jpg', '#Astronaut,#EarthPhoto,#ISS,ISS Astronauts Photograph Earth,Sunrise Sunset,Windows on Earth']"
681,"['iss052e035963.jpg', 'Day,ISS Structure']"
682,"['iss038e039150.jpg', '#Astronaut,#EarthPhoto,#ISS,ISS Astronauts Photograph Earth,Sunrise Sunset,Windows on Earth']"
683,"['iss050e071004.jpg', '#WinEarthFavs,Night']"
684,"['iss052e018600.jpg', '#WinEarthFavs,ISS Structure']"
685,"['iss040e025994.jpg', '#Astronaut,#EarthPhoto,#ISS,ISS Astronauts Photograph Earth,Movie,Private,Sunrise Sunset,Windows on Earth']"
686,"['iss052e019522.jpg', 'Inside ISS,Private']"
687,"['iss042e153041.jpg', 'Stars,Windows on Earth']"
688,"['iss038e024841.jpg', '#Astronaut,#EarthPhoto,#ISS,ISS Astronauts Photograph Earth,Sunrise Sunset,Windows on Earth']"
689,"['iss040e025957.jpg', '#Astronaut,#EarthPhoto,#ISS,ISS Astronauts Photograph Earth,Movie,Private,Sunrise Sunset,Windows on Earth']"
690,"['iss050e010821.jpg', 'Dock Undock,Spacecraft']"
691,"['iss049e042346.jpg', 'Dock Undock,Spacecraft']"
692,"['iss049e042420.jpg', 'Dock Undock,Spacecraft']"
693,"['iss046e029545.jpg', 'Stars']"
694,"['iss040e102640.jpg', 'Aurora,ISS Astronauts Photograph Earth,Private,Windows on Earth']"
695,"['iss052e072624.jpg', 'Inside ISS,Private']"
696,"['iss053e033204.jpg', 'ISS Structure,Movie']"
697,"['iss052e073248.jpg', 'Day,Movie']"
698,"['iss052e000463.jpg', 'Dock Undock,Spacecraft']"
699,"['iss050e066814.jpg', 'Night']"
700,"['iss041e113537.jpg', 'Cupola,Inside ISS']"
701,"['iss053e033199.jpg', 'ISS Structure,Movie']"
702,"['iss052e053577.jpg', 'Day']"
703,"['iss051e020742.jpg', 'Dock Undock,Spacecraft']"
704,"['iss052e074686.jpg', 'Atmosphere,Day,Harvey,Hurricane']"
705,"['iss040e065552.jpg', '#Astronaut,#EarthPhoto,#ISS,Aurora,ISS Astronauts Photograph Earth,Movie,Private,Windows on Earth']"
706,"['iss038e037008.jpg', '#Astronaut,#EarthPhoto,#ISS,Aurora,ISS Astronauts Photograph Earth,Windows on Earth']"
707,"['iss038e050087.jpg', '#Astronaut,#EarthPhoto,#ISS,ISS Astronauts Photograph Earth,Sunrise Sunset,Windows on Earth']"
708,"['iss039e021570.jpg', 'Moon,Windows on Earth']"
709,"['iss047e144048.jpg', 'Night,Stars']"
710,"['iss053e033172.jpg', 'ISS Structure,Movie']"
711,"['iss052e039751.jpg', 'Inside ISS,Private']"
712,"['iss038e017319.jpg', '#Astronaut,#EarthPhoto,#ISS,ISS Astronauts Photograph Earth,Moon,Windows on Earth']"
713,"['iss039e018324.jpg', '#Astronaut,#EarthPhoto,#ISS,Aurora,ISS Astronauts Photograph Earth,Windows on Earth']"
714,"['iss052e072236.jpg', 'Day']"
715,"['iss053e033170.jpg', 'ISS Structure,Movie']"
716,"['iss052e019454.jpg', 'Inside ISS,Private']"
717,"['iss052e004377.jpg', 'ISS Structure,Solar Panels']"
718,"['iss040e008794.jpg', '#Astronaut,#EarthPhoto,#ISS,ISS Astronauts Photograph Earth,Sunrise Sunset,Windows on Earth']"
719,"['iss050e017590.jpg', 'ISS Structure']"
720,"['iss052e053575.jpg', 'Inside ISS,Private']"
721,"['iss052e019695.jpg', 'ISS Structure']"
722,"['iss038e040043.jpg', '#Astronaut,#EarthPhoto,#ISS,ISS Astronauts Photograph Earth,Sunrise Sunset,Windows on Earth']"
723,"['iss041e032504.jpg', '#Astronaut,#EarthPhoto,#ISS,Cupola,Day,ISS Astronauts Photograph Earth,Inside ISS,Windows on Earth']"
724,"['iss052e000307.jpg', 'ISS Structure']"
725,"['iss053e028791.jpg', 'Inside ISS,Private']"
726,"['iss040e111945.jpg', 'Astronaut Favs,Aurora,ISS Astronauts Photograph Earth,Movie,Private,Reid Wiseman movie tweet,Windows on Earth,iss040e111615-112398']"
727,"['iss050e061162.jpg', 'Night']"
728,"['iss037e022843.jpg', '#Astronaut,#EarthPhoto,#ISS,Aurora,ISS Astronauts Photograph Earth,Windows on Earth']"
729,"['iss040e008353.jpg', '#Astronaut,#EarthPhoto,#ISS,ISS Astronauts Photograph Earth,Sunrise Sunset,Windows on Earth']"
730,"['DSC_5696.jpg', 'Anousheh Ansari,Anousheh_All_Sun_Moon,Anousheh_Earth,Anousheh_Iran,Astronaut Favs,Moon']"
731,"['iss050e029091.jpg', 'Cupola,Inside ISS,Private']"
732,"['iss053e002971.jpg', 'Inside ISS,Private']"
733,"['iss043e161894.jpg', 'Moon,Windows on Earth']"
734,"['iss050e029085.jpg', 'Cupola,Inside ISS,Private']"
735,"['iss040e102642.jpg', '#EarthPhoto,Aurora,ISS Astronauts Photograph Earth,Windows on Earth']"
736,"['iss052e000273.jpg', 'ISS Structure']"
737,"['iss041e009380.jpg', '#EarthPhoto,ISS Astronauts Photograph Earth,Movie,Night,Stars,Windows on Earth,iss041e008744-009492']"
738,"['iss050e056686.jpg', 'Night']"
739,"['iss046e029547.jpg', 'Stars']"
740,"['iss052e039380.jpg', 'Inside ISS,Private']"
741,"['iss052e040643.jpg', 'ISS Structure']"
742,"['iss038e035219.jpg', '#Astronaut,#EarthPhoto,#ISS,ISS Astronauts Photograph Earth,Moon,Windows on Earth']"
743,"['iss052e053617.jpg', 'Day']"
744,"['iss041e006925.jpg', '#EarthPhoto,ISS Astronauts Photograph Earth,ISS Structure,Movie,Stars,Windows on Earth,iss041e006667-007718']"
745,"['iss052e002841.jpg', 'ISS Structure,Solar Panels']"
746,"['iss038e026932.jpg', '#Astronaut,#EarthPhoto,#ISS,ISS Astronauts Photograph Earth,Moon,Windows on Earth']"
747,"['iss052e035035.jpg', '#WinEarthFavs,Day']"
748,"['iss052e037150.jpg', 'Day']"
749,"['iss040e092721.jpg', '#Astronaut,#EarthPhoto,#ISS,Day,Europe,ISS Astronauts Photograph Earth,Italy,Mt. Etna,Surface,Volcano,Windows on Earth,geo']"
750,"['iss050e013872.jpg', 'ISS Structure']"
751,"['iss052e002882.jpg', 'ISS Structure,Solar Panels']"
752,"['iss037e013724.jpg', '#Astronaut,#EarthPhoto,#ISS,ISS Astronauts Photograph Earth,Moon,Windows on Earth']"
753,"['iss040e006197.jpg', '#Astronaut,#EarthPhoto,#ISS,Cupola,ISS Astronauts Photograph Earth,ISS Structure,Inside ISS,Private,Windows on Earth']"
754,"['iss038e027423.jpg', '#Astronaut,#EarthPhoto,#ISS,ISS Astronauts Photograph Earth,Sunrise Sunset,Windows on Earth']"
755,"['iss052e004564.jpg', 'ISS Structure']"
756,"['iss053e015773.jpg', 'Movie,Night']"
757,"['iss052e023871.jpg', 'Inside ISS,Private']"
758,"['iss050e041660.jpg', 'Night']"
759,"['iss049e042806.jpg', 'Dock Undock,Spacecraft']"
760,"['iss042e336689.jpg', 'Cupola,Cupola Uzbekistan to Malaysia,Day,Inside ISS,Movie,Movies Exported,Windows on Earth,iss042e335980-337503']"
761,"['iss038e035230.jpg', '#Astronaut,#EarthPhoto,#ISS,ISS Astronauts Photograph Earth,Moon,Windows on Earth']"
762,"['iss040e026050.jpg', '#Astronaut,#EarthPhoto,#ISS,ISS Astronauts Photograph Earth,Movie,Private,Sunrise Sunset,Windows on Earth']"
763,"['iss053e028814.jpg', 'Inside ISS,Private']"
764,"['iss046e029546.jpg', 'Stars']"
765,"['iss050e069488.jpg', 'Movie,Night']"
766,"['iss052e021525.jpg', 'Day']"
767,"['iss053e002964.jpg', 'Inside ISS,Private']"
768,"['iss052e033109.jpg', 'Day']"
769,"['DSC_5683.jpg', 'Anousheh Ansari,Anousheh_All_Sun_Moon,Anousheh_Earth,Anousheh_Iran,Astronaut Favs,Moon']"
770,"['iss034e045223.jpg', '#Astronaut,#EarthPhoto,#ISS,#WinEarthFavs,Astronaut Favs,Aurora,BUSpark,Chris Hadfield tweet,HomePageSlideShow,ISS Astronauts Photograph Earth,Windows on Earth']"
771,"['iss041e100372.jpg', '#Astronaut,#EarthPhoto,#ISS,#WinEarthFavs,Cupola,ISS Astronauts Photograph Earth,Inside ISS,Windows on Earth']"
772,"['iss052e020940.jpg', 'ISS Structure']"
773,"['iss052e016570.jpg', 'Day']"
774,"['iss052e035342.jpg', 'Day']"
775,"['iss052e049921.jpg', 'Inside ISS,Private']"
776,"['iss052e015904.jpg', 'Day']"
777,"['iss052e053789.jpg', 'Inside ISS,Private']"
778,"['iss038e004172.jpg', '#Astronaut,#EarthPhoto,#ISS,ISS Astronauts Photograph Earth,Moon,Windows on Earth']"
779,"['iss052e019694.jpg', 'ISS Structure']"
780,"['iss052e018763.jpg', '#WinEarthFavs,ISS Structure']"
781,"['iss052e016028.jpg', 'Day']"
782,"['iss052e033280.jpg', '#WinEarthFavs,Day']"
783,"['iss040e092683.jpg', '#Astronaut,#EarthArt,#EarthPhoto,#ISS,#WinEarthFavs,C Panoramic,ISS Astronauts Photograph Earth,Moon,Windows on Earth']"
784,"['iss052e019469.jpg', 'Inside ISS,Private']"
785,"['iss052e023911.jpg', 'Day,ISS Structure']"
786,"['iss052e073698.jpg', '#WinEarthFavs,Day']"
787,"['iss050e056297.jpg', 'Night']"
788,"['iss038e057099.jpg', '#Astronaut,#EarthPhoto,#ISS,Aurora,ISS Astronauts Photograph Earth,Windows on Earth']"
789,"['iss052e026882.jpg', 'Day']"
790,"['iss053e033171.jpg', 'ISS Structure,Movie']"
791,"['iss052e039752.jpg', 'Inside ISS,Private']"
792,"['iss052e056395.jpg', 'ISS Structure']"
793,"['iss040e017104.jpg', '#Astronaut,#EarthPhoto,#ISS,ISS Astronauts Photograph Earth,Sunrise Sunset,Windows on Earth']"
794,"['iss050e052055.jpg', 'Dock Undock,Spacecraft']"
795,"['iss050e052041.jpg', 'Dock Undock,Spacecraft']"
796,"['iss040e007402.jpg', '#Astronaut,#EarthPhoto,#ISS,ISS Astronauts Photograph Earth,Sunrise Sunset,Windows on Earth']"
797,"['iss037e015253.jpg', '#Astronaut,#EarthPhoto,#ISS,ISS Astronauts Photograph Earth,Moon,Windows on Earth']"
798,"['iss043e184275.jpg', 'Moon,Windows on Earth']"
799,"['iss052e019432.jpg', 'Inside ISS,Private']"
800,"['iss052e006512.jpg', 'ISS Structure,Solar Panels']"
801,"['iss042e033869.jpg', 'Stars']"
802,"['iss043e184261.jpg', 'Moon,Windows on Earth']"
803,"['iss052e003697.jpg', 'Aurora,Movie']"
804,"['iss052e049946.jpg', 'Inside ISS,Private']"
805,"['iss052e003683.jpg', 'Aurora,Movie']"
806,"['iss052e008701.jpg', 'ISS Structure,Solar Panels']"
807,"['iss037e022831.jpg', '#Astronaut,#EarthPhoto,#ISS,Aurora,ISS Astronauts Photograph Earth,Windows on Earth']"
808,"['iss052e053705.jpg', 'Dock Undock,Spacecraft']"
809,"['iss050e058791.jpg', 'Dock Undock,Spacecraft']"
810,"['iss052e053711.jpg', 'Dock Undock,Spacecraft']"
811,"['iss053e028913.jpg', 'Inside ISS,Private']"
812,"['iss052e019624.jpg', 'Inside ISS,Private']"
813,"['iss052e020648.jpg', 'ISS Structure']"
814,"['iss052e073238.jpg', 'Day,Movie']"
815,"['iss052e039443.jpg', 'Day']"
816,"['iss052e018466.jpg', '#WinEarthFavs,ISS Structure']"
817,"['iss052e033191.jpg', 'Day']"
818,"['iss037e014561.jpg', '#Astronaut,#EarthPhoto,#ISS,Day,ISS Astronauts Photograph Earth,Surface,Volcano,Windows on Earth']"
819,"['iss052e003708.jpg', 'Aurora,Movie']"
820,"['iss038e040838.jpg', '#Astronaut,#EarthPhoto,#ISS,Aurora,ISS Astronauts Photograph Earth,Windows on Earth']"
821,"['iss052e025240.jpg', 'Movie,Night']"
822,"['iss052e026991.jpg', 'Inside ISS,Private']"
823,"['iss038e007030.jpg', '#Astronaut,#EarthPhoto,#ISS,ISS Astronauts Photograph Earth,Moon,Windows on Earth']"
824,"['iss052e000942.jpg', '#WinEarthFavs,ISS Structure']"
825,"['iss039e004179.jpg', '#Astronaut,#EarthPhoto,#ISS,ISS Astronauts Photograph Earth,Moon,MoonSet,Movie,Windows on Earth']"
826,"['iss042e165540.jpg', 'Moon']"
827,"['iss040e117956.jpg', 'Astronaut Favs,Aurora,ISS Astronauts Photograph Earth,Movie,Private,Reid Wiseman movie tweet,Windows on Earth,iss040e117749-118038']"
828,"['iss050e066247.jpg', '#WinEarthFavs,Night']"
829,"['iss042e342190.jpg', 'Moon,Windows on Earth']"
830,"['iss053e028480.jpg', 'Aurora,Movie,Night,Sunrise Sunset']"
831,"['iss038e007964.jpg', '#Astronaut,#EarthPhoto,#ISS,Aurora,ISS Astronauts Photograph Earth,Windows on Earth']"
832,"['iss052e055981.jpg', 'Sunrise Sunset']"
833,"['iss052e018671.jpg', '#WinEarthFavs,ISS Structure']"
834,"['iss049e045100.jpg', 'Dock Undock,Spacecraft']"
835,"['iss053e015729.jpg', 'Movie,Night']"
836,"['iss043e125519.jpg', '#MovieSession - Reviewed,Movie,Stars,Windows on Earth,iss043e125484-125547']"
837,"['iss050e060838.jpg', 'Night']"
838,"['iss040e102369.jpg', 'Aurora,ISS Astronauts Photograph Earth,Private,Windows on Earth']"
839,"['iss051e051727.jpg', 'Cupola,Inside ISS']"
840,"['iss042e165541.jpg', 'Moon']"
841,"['iss050e052108.jpg', 'Dock Undock,Spacecraft']"
842,"['iss048e066372.jpg', 'Dock Undock,Spacecraft']"
843,"['iss052e072319.jpg', 'Day']"
844,"['iss052e053658.jpg', 'Dock Undock,Spacecraft']"
845,"['iss037e014560.jpg', '#Astronaut,#EarthPhoto,#ISS,Day,ISS Astronauts Photograph Earth,Surface,Volcano,Windows on Earth']"
846,"['iss052e003709.jpg', 'Aurora,Movie']"
847,"['iss049e009134.jpg', 'Cupola,ISS Structure,Inside ISS']"
848,"['iss053e028872.jpg', 'Atmosphere,Clouds,Day']"
849,"['iss050e060384.jpg', 'Night']"
850,"['iss037e022777.jpg', '#Astronaut,#EarthPhoto,#ISS,Aurora,ISS Astronauts Photograph Earth,Windows on Earth']"
851,"['iss052e073239.jpg', 'Day,Movie']"
852,"['iss052e019976.jpg', 'Movie,Sunrise Sunset']"
853,"['iss052e000412.jpg', 'Dock Undock,Spacecraft']"
854,"['iss052e008728.jpg', 'ISS Structure,Solar Panels']"
855,"['iss050e061139.jpg', 'Night']"
856,"['iss040e111936.jpg', 'Astronaut Favs,Aurora,ISS Astronauts Photograph Earth,Movie,Private,Reid Wiseman movie tweet,Windows on Earth,iss040e111615-112398']"
857,"['iss052e021386.jpg', 'Day']"
858,"['iss052e000348.jpg', 'Dock Undock,Spacecraft']"
859,"['iss049e002897.jpg', 'CubesatRelease,Dock Undock,Spacecraft']"
860,"['iss039e013955.jpg', '#Astronaut,#EarthPhoto,#ISS,ISS Astronauts Photograph Earth,Moon,Windows on Earth']"
861,"['iss050e014571.jpg', 'Cupola,ISS Structure,Inside ISS']"
862,"['iss040e008254.jpg', '#Astronaut,#EarthPhoto,#ISS,ISS Astronauts Photograph Earth,Sunrise Sunset,Windows on Earth']"
863,"['iss043e129041.jpg', 'Night,Stars,Windows on Earth']"
864,"['iss050e068860.jpg', 'Movie,Night']"
865,"['iss040e112224.jpg', 'Aurora,ISS Astronauts Photograph Earth,Movie,Private,Windows on Earth,iss040e111615-112398']"
866,"['iss052e003682.jpg', 'Aurora,Movie']"
867,"['iss052e003696.jpg', 'Aurora,Movie']"
868,"['iss037e028851.jpg', '#Astronaut,#EarthPhoto,#ISS,ISS Astronauts Photograph Earth,Sunrise Sunset,Windows on Earth']"
869,"['iss052e006507.jpg', 'ISS Structure,Solar Panels']"
870,"['iss052e016700.jpg', 'Inside ISS,Private']"
871,"['iss038e009815.jpg', '#Astronaut,#EarthPhoto,#ISS,ISS Astronauts Photograph Earth,Sunrise Sunset,Windows on Earth']"
872,"['iss038e070468.jpg', '#WinEarthFavs,BUSpark,Sunrise Sunset']"
873,"['iss038e021627.jpg', '#Astronaut,#EarthPhoto,#ISS,#WinEarthFavs,BUSpark,Challenger Center,Cupola,ISS Astronauts Photograph Earth,Inside ISS,Partners,WinEarthOnISS,Windows on Earth']"
874,"['iss042e300598.jpg', 'Moon,Windows on Earth']"
875,"['iss037e020216.jpg', '#Astronaut,#EarthPhoto,#ISS,Day,Europe,ISS Astronauts Photograph Earth,Italy,Sicily,Surface,Volcano,Windows on Earth,geo']"
876,"['iss043e209881.jpg', 'Night,Stars,Windows on Earth']"
877,"['iss051e014469.jpg', 'Cupola,Inside ISS']"
878,"['iss040e112032.jpg', 'Astronaut Favs,Aurora,ISS Astronauts Photograph Earth,Movie,Private,Reid Wiseman movie tweet,Windows on Earth,iss040e111615-112398']"
879,"['iss053e016381.jpg', 'Movie,Night']"
880,"['iss040e007401.jpg', '#Astronaut,#EarthPhoto,#ISS,ISS Astronauts Photograph Earth,Sunrise Sunset,Windows on Earth']"
881,"['iss049e053199.jpg', 'Dock Undock,Spacecraft']"
882,"['iss052e018707.jpg', '#WinEarthFavs,ISS Structure']"
883,"['iss052e019425.jpg', 'Inside ISS,Private']"
884,"['iss051e020719.jpg', 'Dock Undock,Spacecraft']"
885,"['iss042e153146.jpg', 'Stars,Windows on Earth']"
886,"['iss048e063397.jpg', 'Stars']"
887,"['iss046e036760.jpg', 'Stars']"
888,"['iss040e052616.jpg', '#Astronaut,#EarthPhoto,#ISS,ISS Astronauts Photograph Earth,Movie,Private,Sunrise Sunset,Windows on Earth']"
889,"['iss052e003680.jpg', 'Aurora,Movie']"
890,"['iss043e121437.jpg', 'Cupola,Day,Inside ISS,Windows on Earth']"
891,"['iss041e105454.jpg', '#WinEarthFavs,Astronaut Favs,Colima,Day,Mexico,North America,Reid Wiseman tweet,Surface,Volcano,Windows on Earth,geo']"
892,"['iss040e092432.jpg', '#Astronaut,#EarthPhoto,#ISS,#WinEarthFavs,Day,Europe,ISS Astronauts Photograph Earth,Italy,Mt. Etna,Partners,SeattleMOF,Surface,Volcano,Windows on Earth,geo']"
893,"['iss052e027050.jpg', 'Inside ISS,Private']"
894,"['iss040e019415.jpg', '#Astronaut,#EarthPhoto,#ISS,Aurora,ISS Astronauts Photograph Earth,Windows on Earth']"
895,"['iss052e003694.jpg', 'Aurora,Movie']"
896,"['iss050e058779.jpg', '#WinEarthFavs,Apple,Night']"
897,"['iss052e021390.jpg', 'Dock Undock,Movie,Spacecraft']"
898,"['iss048e022863.jpg', 'Stars']"
899,"['iss040e116901.jpg', 'Aurora,ISS Astronauts Photograph Earth,Movie,Private,Windows on Earth']"
900,"['iss038e058872.jpg', '#Astronaut,#EarthPhoto,#ISS,#WinEarthFavs,Aurora,BUSpark,ISS Astronauts Photograph Earth,Windows on Earth']"
901,"['iss053e028938.jpg', 'Inside ISS,Private']"
902,"['iss038e013250.jpg', '#Astronaut,#EarthPhoto,#ISS,Aurora,ISS Astronauts Photograph Earth,Windows on Earth']"
903,"['iss040e102633.jpg', '#EarthPhoto,Aurora,ISS Astronauts Photograph Earth,Windows on Earth']"
904,"['iss050e061926.jpg', 'Movie,Night']"
905,"['iss052e020688.jpg', 'Day']"
906,"['iss053e028864.jpg', 'ISS Structure']"
907,"['iss044e044169.jpg', 'Moon']"
908,"['iss044e012461.jpg', '#WinEarthFavs,Astronaut Favs,CASIS,Scott Kelly tweet,SunMoonStars,Sunrise Sunset,Windows on Earth']"
909,"['iss042e017466.jpg', 'Cupola,IMAX cameras,Inside ISS,Windows on Earth']"
910,"['iss052e010005.jpg', 'Dock Undock,Spacecraft']"
911,"['iss038e007033.jpg', '#Astronaut,#EarthPhoto,#ISS,ISS Astronauts Photograph Earth,Moon,Windows on Earth']"
912,"['iss052e000941.jpg', '#WinEarthFavs,ISS Structure']"
913,"['iss040e102357.jpg', 'Aurora,ISS Astronauts Photograph Earth,Private,Windows on Earth']"
914,"['iss052e004528.jpg', 'ISS Structure']"
915,"['iss053e013414.jpg', 'Movie,Night']"
916,"['iss050e066250.jpg', 'Night']"
917,"['iss038e007966.jpg', '#Astronaut,#EarthPhoto,#ISS,Aurora,ISS Astronauts Photograph Earth,Windows on Earth']"
918,"['iss052e000015.jpg', 'Inside ISS,Private']"
919,"['iss038e070523.jpg', 'Moon']"
920,"['iss038e026995.jpg', '#Astronaut,#EarthPhoto,#ISS,ISS Astronauts Photograph Earth,Moon,Windows on Earth']"
921,"['iss050e001590.jpg', 'ISS Structure']"
922,"['iss053e012910.jpg', 'Movie,Night']"
923,"['iss053e027773.jpg', 'Movie,Night']"
924,"['iss050e041605.jpg', 'Night']"
925,"['iss052e037120.jpg', 'ISS Structure,Night']"
926,"['iss052e000940.jpg', 'ISS Structure']"
927,"['iss038e026942.jpg', '#Astronaut,#EarthPhoto,#ISS,ISS Astronauts Photograph Earth,Moon,Windows on Earth']"
928,"['iss052e009964.jpg', 'Dock Undock,Spacecraft']"
929,"['iss052e072681.jpg', 'ISS Structure']"
930,"['iss052e014262.jpg', 'Day']"
931,"['iss052e031960.jpg', 'Night']"
932,"['iss052e008677.jpg', 'ISS Structure,Solar Panels']"
933,"['iss041e036896.jpg', 'ISS Structure,Movie,Sunrise Sunset,iss041e035071-036918']"
934,"['iss052e005347.jpg', 'ISS Structure,Solar Panels']"
935,"['iss041e006941.jpg', '#EarthPhoto,ISS Astronauts Photograph Earth,ISS Structure,Movie,Stars,Windows on Earth,iss041e006667-007718']"
936,"['iss040e026021.jpg', '#Astronaut,#EarthPhoto,#ISS,ISS Astronauts Photograph Earth,Movie,Private,Sunrise Sunset,Windows on Earth']"
937,"['iss040e024150.jpg', '#Astronaut,#EarthPhoto,#ISS,ISS Astronauts Photograph Earth,Sunrise Sunset,Windows on Earth']"
938,"['iss052e025068.jpg', 'Movie,Night']"
939,"['iss050e061106.jpg', 'Night']"
940,"['iss052e027086.jpg', 'ISS Structure']"
941,"['iss038e019146.jpg', '#Astronaut,#EarthPhoto,#ISS,ISS Astronauts Photograph Earth,Sunrise Sunset,Windows on Earth']"
942,"['iss052e003695.jpg', 'Aurora,Movie']"
943,"['iss044e027222.jpg', 'Moon,Windows on Earth']"
944,"['iss043e121436.jpg', 'Cupola,Day,Inside ISS,Windows on Earth']"
945,"['iss052e003681.jpg', 'Aurora,Movie']"
946,"['iss052e006510.jpg', 'ISS Structure,Solar Panels']"
947,"['iss050e011185.jpg', 'Dock Undock,Spacecraft']"
948,"['iss038e070480.jpg', 'Moon']"
949,"['iss041e080675.jpg', '#Astronaut,#EarthPhoto,#ISS,Cupola,ISS Astronauts Photograph Earth,Inside ISS,Private,Windows on Earth']"
950,"['iss049e026249.jpg', 'Stars']"
951,"['iss053e027617.jpg', 'Movie,Night']"
952,"['iss052e027280.jpg', 'Day']"
953,"['iss050e066309.jpg', 'Night']"
954,"['iss043e129046.jpg', 'Night,Stars,Windows on Earth']"
955,"['iss052e034997.jpg', 'Day']"
956,"['iss052e003685.jpg', 'Aurora,Movie']"
957,"['iss052e003691.jpg', 'Aurora,Movie']"
958,"['iss040e050789.jpg', '#Astronaut,#EarthPhoto,#ISS,Aurora,ISS Astronauts Photograph Earth,Movie,Private,Windows on Earth']"
959,"['iss042e037837.jpg', 'Stars,Windows on Earth']"
960,"['iss050e015683.jpg', '#WinEarthFavs,Dock Undock,Spacecraft']"
961,"['iss052e021578.jpg', 'Inside ISS,Private']"
962,"['iss038e013241.jpg', '#Astronaut,#EarthPhoto,#ISS,Aurora,ISS Astronauts Photograph Earth,Windows on Earth']"
963,"['iss052e073216.jpg', 'Day,Movie']"
964,"['iss052e025050.jpg', '#WinEarthFavs,Day']"
965,"['iss052e027135.jpg', 'Day']"
966,"['iss042e017477.jpg', 'Cupola,IMAX cameras,Inside ISS,Windows on Earth']"
967,"['iss052e016465.jpg', 'Inside ISS,Private']"
968,"['iss041e036886.jpg', 'ISS Structure,Movie,Sunrise Sunset,iss041e035071-036918']"
969,"['iss053e028875.jpg', 'ISS Structure']"
970,"['iss052e053677.jpg', 'Dock Undock,Spacecraft']"
971,"['iss038e029452.jpg', '#Astronaut,#EarthPhoto,#ISS,ISS Astronauts Photograph Earth,Sunrise Sunset,Windows on Earth']"
972,"['iss043e278662.jpg', 'Moon,Windows on Earth']"
973,"['iss042e337253.jpg', 'Cupola,Cupola Uzbekistan to Malaysia,Day,Inside ISS,Movie,Movies Exported,Windows on Earth,iss042e335980-337503']"
974,"['iss040e064767.jpg', '#Astronaut,#EarthPhoto,#ISS,Aurora,ISS Astronauts Photograph Earth,Movie,Private,Windows on Earth']"
975,"['iss052e023811.jpg', 'Inside ISS,Private']"
976,"['iss038e007976.jpg', '#Astronaut,#EarthPhoto,#ISS,Aurora,ISS Astronauts Photograph Earth,Windows on Earth']"
977,"['iss040e140606.jpg', '#EarthArt,#WinEarthFavs,C Panoramic,Challenger Center,Moon,Nashoba,Partners,Windows on Earth']"
978,"['iss051e051709.jpg', 'Cupola,Inside ISS']"
979,"['iss052e053676.jpg', 'Dock Undock,Spacecraft']"
980,"['iss053e028860.jpg', 'Day']"
981,"['iss049e042325.jpg', 'Dock Undock,Spacecraft']"
982,"['iss052e073217.jpg', 'Day,Movie']"
983,"['iss041e109444.jpg', '#WinEarthFavs,Day,Europe,Italy,Mt. Etna,WinEarthTweet,Windows on Earth,geo']"
984,"['iss043e115741.jpg', 'Moon,Windows on Earth']"
985,"['iss050e015682.jpg', 'Dock Undock,Spacecraft']"
986,"['iss053e028914.jpg', 'Inside ISS,Private']"
987,"['iss052e018501.jpg', '#WinEarthFavs,ISS Structure']"
988,"['iss052e019637.jpg', 'Inside ISS,Private']"
989,"['iss052e000366.jpg', 'Dock Undock,Spacecraft']"
990,"['iss052e023540.jpg', 'Day']"
991,"['iss052e003690.jpg', 'Aurora,Movie']"
992,"['iss045e032524.jpg', 'Moon,Windows on Earth']"
993,"['iss038e041300.jpg', '#Astronaut,#EarthPhoto,#ISS,Aurora,ISS Astronauts Photograph Earth,Windows on Earth']"
994,"['iss052e003684.jpg', 'Aurora,Movie']"
995,"['iss041e009256.jpg', '#EarthPhoto,ISS Astronauts Photograph Earth,Movie,Night,Stars,Windows on Earth,iss041e008744-009492']"
996,"['iss049e053176.jpg', 'Dock Undock,Spacecraft']"
997,"['iss052e006515.jpg', 'ISS Structure,Solar Panels']"
998,"['iss050e066320.jpg', 'Night']"
999,"['iss052e018918.jpg', 'Atmosphere,Clouds,Day']"
1000,"['iss053e028525.jpg', 'Aurora,Movie,Night,Sunrise Sunset']"
1001,"['iss042e078312.jpg', 'Cupola,Inside ISS,Windows on Earth']"
1002,"['iss050e011141.jpg', 'Dock Undock,Spacecraft']"
1003,"['iss052e021157.jpg', 'Inside ISS,Private']"
1004,"['iss038e005742.jpg', '#Astronaut,#EarthPhoto,#ISS,ISS Astronauts Photograph Earth,Moon,Windows on Earth']"
1005,"['iss045e032095.jpg', 'Moon,Windows on Earth']"
1006,"['iss052e037084.jpg', 'Inside ISS,Private']"
1007,"['iss040e025659.jpg', '#Astronaut,#EarthPhoto,#ISS,Aurora,ISS Astronauts Photograph Earth,Movie,Private,Windows on Earth']"
1008,"['iss043e020061.jpg', 'Moon,Windows on Earth']"
1009,"['iss052e003692.jpg', 'Aurora,Movie']"
1010,"['iss052e003686.jpg', 'Aurora,Movie']"
1011,"['iss052e027056.jpg', 'Inside ISS,Private']"
1012,"['iss050e015864.jpg', 'Dock Undock,Spacecraft']"
1013,"['iss048e022865.jpg', 'Stars']"
1014,"['iss052e003679.jpg', 'Aurora,Movie']"
1015,"['iss052e018503.jpg', '#WinEarthFavs,ISS Structure']"
1016,"['iss049e002887.jpg', 'CubesatRelease,Dock Undock,Spacecraft']"
1017,"['iss052e073229.jpg', 'Day,Movie']"
1018,"['iss052e073215.jpg', 'Day,Movie']"
1019,"['iss050e010883.jpg', '#WinEarthFavs,ISS Structure']"
1020,"['iss052e014271.jpg', 'Day']"
1021,"['iss038e013295.jpg', '#Astronaut,#EarthPhoto,#ISS,ISS Astronauts Photograph Earth,Sunrise Sunset,Windows on Earth']"
1022,"['DSC_0014.jpg', 'Anousheh Ansari,Anousheh_All_Sun_Moon,Anousheh_Earth,Astronaut Favs,Sunrise Sunset']"
1023,"['iss052e006649.jpg', 'Aurora,Movie']"
1024,"['iss050e036139.jpg', 'Dock Undock,Spacecraft']"
1025,"['iss042e071281.jpg', 'Moon,Windows on Earth']"
1026,"['iss053e015711.jpg', 'Movie,Night']"
1027,"['iss052e058522.jpg', '#WinEarthFavs,Aurora']"
1028,"['iss050e064326.jpg', 'Movie,Night']"
1029,"['iss052e055990.jpg', 'Sunrise Sunset']"
1030,"['iss038e007034.jpg', '#Astronaut,#EarthPhoto,#ISS,ISS Astronauts Photograph Earth,Moon,Windows on Earth']"
1031,"['iss042e165550.jpg', 'Moon']"
1032,"['iss052e053649.jpg', 'Dock Undock,Spacecraft']"
1033,"['iss048e061829.jpg', '#WinEarthFavs,Cupola,Inside ISS']"
1034,"['iss052e073214.jpg', 'Day,Movie']"
1035,"['iss052e012832.jpg', 'Cupola,Inside ISS']"
1036,"['iss052e072136.jpg', 'Day']"
1037,"['iss052e073228.jpg', 'Day,Movie']"
1038,"['iss052e030477.jpg', 'Inside ISS,Private']"
1039,"['iss037e022766.jpg', '#Astronaut,#EarthPhoto,#ISS,Aurora,ISS Astronauts Photograph Earth,Windows on Earth']"
1040,"['iss052e053715.jpg', 'Dock Undock,Spacecraft']"
1041,"['iss050e058959.jpg', 'Night']"
1042,"['iss010e18546.jpg', '#Astronaut,#EarthPhoto,#ISS,#WinEarthFavs,Astronaut Favs,BUSpark,ISS Astronauts Photograph Earth,Leroy Chiao,Moon,Windows on Earth']"
1043,"['iss052e003678.jpg', 'Aurora,Movie']"
1044,"['iss042e101363.jpg', 'Moon,Windows on Earth']"
1045,"['iss041e105453.jpg', 'Colima,Day,Mexico,North America,Surface,Volcano,Windows on Earth,geo']"
1046,"['iss045e032533.jpg', 'Moon,Windows on Earth']"
1047,"['iss052e003687.jpg', 'Aurora,Movie']"
1048,"['iss052e034995.jpg', '#WinEarthFavs,Day']"
1049,"['iss040e019406.jpg', '#Astronaut,#EarthPhoto,#ISS,Aurora,ISS Astronauts Photograph Earth,Windows on Earth']"
1050,"['iss041e045711.jpg', '#Astronaut,#EarthPhoto,#ISS,Cupola,ISS Astronauts Photograph Earth,Inside ISS,Windows on Earth']"
1051,"['iss052e003693.jpg', 'Aurora,Movie']"
1052,"['iss049e041940.jpg', 'Cupola,Day,Inside ISS']"
1053,"['iss045e032094.jpg', 'Moon,Windows on Earth']"
1054,"['iss052e026836.jpg', 'Day']"
1055,"['iss038e067111.jpg', '#Astronaut,#EarthPhoto,#ISS,ISS Astronauts Photograph Earth,Moon,Windows on Earth']"
1056,"['iss040e065526.jpg', '#Astronaut,#EarthPhoto,#ISS,Aurora,ISS Astronauts Photograph Earth,Movie,Private,Windows on Earth']"
1057,"['iss037e028840.jpg', '#Astronaut,#EarthPhoto,#ISS,ISS Astronauts Photograph Earth,Sunrise Sunset,Windows on Earth']"
1058,"['iss052e074619.jpg', 'Day']"
1059,"['iss038e016717.jpg', '#Astronaut,#EarthPhoto,#ISS,ISS Astronauts Photograph Earth,Sunrise Sunset,Windows on Earth']"
1060,"['iss050e060949.jpg', 'Night']"
1061,"['iss043e302709.jpg', '#MovieSession - Reviewed,Moon,Movie,Windows on Earth,iss043e302661-302810']"
