,0,1
0,Filename,Tags
1,iss052e037088.jpg,"Inside ISS,Private"
2,iss053e028932.jpg,"Inside ISS,Private"
3,iss052e021239.jpg,"Inside ISS,Private"
4,iss052e058507.jpg,"Inside ISS,Private"
5,iss052e023837.jpg,"Inside ISS,Private"
6,iss052e026972.jpg,"Inside ISS,Private"
7,iss052e031942.jpg,"Inside ISS,Private"
8,iss052e019604.jpg,"Inside ISS,Private"
9,iss052e053725.jpg,"Inside ISS,Private"
10,iss052e016441.jpg,"Inside ISS,Private"
11,iss052e019571.jpg,"Inside ISS,Private"
12,iss052e053726.jpg,"Inside ISS,Private"
13,iss052e053732.jpg,"Inside ISS,Private"
14,iss052e049971.jpg,"Inside ISS,Private"
15,iss052e021565.jpg,"Inside ISS,Private"
16,iss052e058529.jpg,"Inside ISS,Private"
17,iss053e028909.jpg,"Inside ISS,Private"
18,iss052e019416.jpg,"Inside ISS,Private"
19,iss052e026977.jpg,"Inside ISS,Private"
20,iss052e016446.jpg,"Inside ISS,Private"
21,iss052e030318.jpg,"Inside ISS,Private"
22,iss053e028739.jpg,"Inside ISS,Private"
23,iss052e021605.jpg,"Inside ISS,Private"
24,iss052e053747.jpg,"Inside ISS,Private"
25,iss053e028825.jpg,"Inside ISS,Private"
26,iss053e002996.jpg,"Inside ISS,Private"
27,iss052e031934.jpg,"Inside ISS,Private"
28,iss053e028819.jpg,"Inside ISS,Private"
29,iss053e028950.jpg,"Inside ISS,Private"
30,iss052e039762.jpg,"Inside ISS,Private"
31,iss052e039748.jpg,"Inside ISS,Private"
32,iss053e002942.jpg,"Inside ISS,Private"
33,iss052e031923.jpg,"Inside ISS,Private"
34,iss053e028758.jpg,"Inside ISS,Private"
35,iss052e019660.jpg,"Inside ISS,Private"
36,iss053e011720.jpg,"Inside ISS,Private"
37,iss053e002984.jpg,"Inside ISS,Private"
38,iss053e002990.jpg,"Inside ISS,Private"
39,iss052e053740.jpg,"Inside ISS,Private"
40,iss052e031892.jpg,"Inside ISS,Private"
41,iss053e028773.jpg,"Inside ISS,Private"
42,iss053e028808.jpg,"Inside ISS,Private"
43,iss052e040662.jpg,"Inside ISS,Private"
44,iss053e028834.jpg,"Inside ISS,Private"
45,iss052e035941.jpg,"Inside ISS,Private"
46,iss052e019500.jpg,"Inside ISS,Private"
47,iss052e053743.jpg,"Inside ISS,Private"
48,iss052e016551.jpg,"Inside ISS,Private"
49,iss053e028772.jpg,"Inside ISS,Private"
50,iss053e028780.jpg,"Inside ISS,Private"
51,iss052e021247.jpg,"Inside ISS,Private"
52,iss052e039384.jpg,"Inside ISS,Private"
53,iss052e016429.jpg,"Inside ISS,Private"
54,iss053e016653.jpg,"Inside ISS,Private"
55,iss052e019487.jpg,"Inside ISS,Private"
56,iss053e028754.jpg,"Inside ISS,Private"
57,iss052e039580.jpg,"Inside ISS,Private"
58,iss053e028807.jpg,"Inside ISS,Private"
59,iss052e038259.jpg,"Inside ISS,Private"
60,iss052e026933.jpg,"Inside ISS,Private"
61,iss053e011711.jpg,"Inside ISS,Private"
62,iss053e028806.jpg,"Inside ISS,Private"
63,iss052e019679.jpg,"Inside ISS,Private"
64,iss052e019453.jpg,"Inside ISS,Private"
65,iss053e028792.jpg,"Inside ISS,Private"
66,iss052e072631.jpg,"Inside ISS,Private"
67,iss052e019522.jpg,"Inside ISS,Private"
68,iss052e072624.jpg,"Inside ISS,Private"
69,iss052e039751.jpg,"Inside ISS,Private"
70,iss052e019454.jpg,"Inside ISS,Private"
71,iss052e053575.jpg,"Inside ISS,Private"
72,iss053e028791.jpg,"Inside ISS,Private"
73,iss053e002971.jpg,"Inside ISS,Private"
74,iss052e039380.jpg,"Inside ISS,Private"
75,iss052e023871.jpg,"Inside ISS,Private"
76,iss053e028814.jpg,"Inside ISS,Private"
77,iss053e002964.jpg,"Inside ISS,Private"
78,iss052e049921.jpg,"Inside ISS,Private"
79,iss052e053789.jpg,"Inside ISS,Private"
80,iss052e019469.jpg,"Inside ISS,Private"
81,iss052e039752.jpg,"Inside ISS,Private"
82,iss052e019432.jpg,"Inside ISS,Private"
83,iss052e049946.jpg,"Inside ISS,Private"
84,iss053e028913.jpg,"Inside ISS,Private"
85,iss052e019624.jpg,"Inside ISS,Private"
86,iss052e026991.jpg,"Inside ISS,Private"
87,iss052e016700.jpg,"Inside ISS,Private"
88,iss052e019425.jpg,"Inside ISS,Private"
89,iss052e027050.jpg,"Inside ISS,Private"
90,iss053e028938.jpg,"Inside ISS,Private"
91,iss052e000015.jpg,"Inside ISS,Private"
92,iss052e021578.jpg,"Inside ISS,Private"
93,iss052e016465.jpg,"Inside ISS,Private"
94,iss052e023811.jpg,"Inside ISS,Private"
95,iss053e028914.jpg,"Inside ISS,Private"
96,iss052e019637.jpg,"Inside ISS,Private"
97,iss052e021157.jpg,"Inside ISS,Private"
98,iss052e037084.jpg,"Inside ISS,Private"
99,iss052e027056.jpg,"Inside ISS,Private"
100,iss052e030477.jpg,"Inside ISS,Private"
